Semantic,Skill_Match,Experience_Match,Education_Match,Certification_Match,Label
34.73,0.0,0.0,0,0,1
6.57,0.0,0.0,0,0,0
50.27,50.0,0.0,0,0,1
22.26,0.0,0.0,0,0,0
55.84,50.0,0.0,0,0,1
24.14,0.0,0.0,0,0,0
26.07,50.0,0.0,0,0,1
15.4,0.0,0.0,0,0,0
51.39,100.0,0.0,0,0,1
13.87,0.0,0.0,0,0,0
50.29,50.0,0.0,0,0,1
50.24,33.33,0.0,0,0,0
52.74,0.0,0.0,0,0,1
31.92,0.0,0.0,0,0,0
53.27,0.0,0.0,0,0,1
7.47,0.0,0.0,0,0,0
43.94,50.0,100.0,0,0,1
12.19,0.0,100.0,0,0,0
47.44,50.0,0.0,0,0,1
20.05,0.0,0.0,0,0,0
48.59,0.0,100.0,0,0,1
24.53,0.0,100.0,0,0,0
56.1,50.0,0.0,0,0,1
22.56,0.0,0.0,0,0,0
51.57,0.0,0.0,0,0,1
9.99,0.0,0.0,0,0,0
50.57,50.0,0.0,0,0,1
8.98,0.0,0.0,0,0,0
42.82,50.0,0.0,0,0,1
22.89,0.0,0.0,0,0,0
57.92,0.0,0.0,0,0,1
11.99,0.0,0.0,0,0,0
39.6,50.0,0.0,0,0,1
30.41,33.33,0.0,0,0,0
58.8,50.0,100.0,0,0,1
21.7,0.0,100.0,0,0,0
62.89,100.0,100.0,0,0,1
23.73,0.0,100.0,0,0,0
63.26,50.0,100.0,0,0,1
24.4,0.0,100.0,0,0,0
52.03,50.0,0.0,0,0,1
14.2,0.0,0.0,0,0,0
60.94,50.0,0.0,0,0,1
42.78,33.33,0.0,0,0,0
63.45,50.0,0.0,0,0,1
18.27,0.0,0.0,0,0,0
38.62,50.0,100.0,0,0,1
19.3,0.0,100.0,0,0,0
44.77,50.0,100.0,0,0,1
34.8,33.33,100.0,0,0,0
34.25,0.0,0.0,0,0,1
10.99,0.0,0.0,0,0,0
56.19,50.0,100.0,0,0,1
18.25,0.0,100.0,0,0,0
63.19,50.0,0.0,0,0,1
30.02,0.0,0.0,0,0,0
53.75,50.0,100.0,0,0,1
19.19,0.0,100.0,0,0,0
54.1,0.0,0.0,0,0,1
21.0,0.0,0.0,0,0,0
57.17,50.0,0.0,0,0,1
24.77,0.0,0.0,0,0,0
62.38,100.0,100.0,0,0,1
14.29,0.0,100.0,0,0,0
54.35,0.0,0.0,0,0,1
8.26,0.0,0.0,0,0,0
45.98,50.0,0.0,0,0,1
20.06,0.0,0.0,0,0,0
46.3,50.0,100.0,0,0,1
10.95,0.0,100.0,0,0,0
43.62,50.0,0.0,0,0,1
21.24,0.0,0.0,0,0,0
51.97,50.0,100.0,0,0,1
19.17,0.0,100.0,0,0,0
45.87,50.0,0.0,0,0,1
26.93,33.33,0.0,0,0,0
58.94,0.0,100.0,0,0,1
35.9,0.0,100.0,0,0,0
64.76,50.0,100.0,0,0,1
29.95,0.0,100.0,0,0,0
63.0,50.0,0.0,0,0,1
27.99,0.0,0.0,0,0,0
53.09,50.0,0.0,0,0,1
38.12,33.33,0.0,0,0,0
54.01,0.0,0.0,0,0,1
15.47,0.0,0.0,0,0,0
43.91,100.0,0.0,0,0,1
38.51,66.67,0.0,0,0,0
58.48,50.0,100.0,0,0,1
27.19,0.0,100.0,0,0,0
44.81,50.0,0.0,0,0,1
16.87,0.0,0.0,0,0,0
64.39,50.0,0.0,0,0,1
23.53,0.0,0.0,0,0,0
58.76,0.0,100.0,0,0,1
28.51,0.0,100.0,0,0,0
54.09,0.0,100.0,0,0,1
26.06,0.0,100.0,0,0,0
53.83,50.0,0.0,0,0,1
11.79,0.0,0.0,0,0,0
48.94,0.0,0.0,0,0,1
16.63,0.0,0.0,0,0,0
37.22,50.0,100.0,0,0,1
30.36,33.33,100.0,0,0,0
61.91,50.0,100.0,0,0,1
22.16,0.0,100.0,0,0,0
50.95,50.0,0.0,0,0,1
17.61,0.0,0.0,0,0,0
52.11,0.0,100.0,0,0,1
30.9,0.0,100.0,0,0,0
60.85,50.0,0.0,0,0,1
10.73,0.0,0.0,0,0,0
53.06,50.0,0.0,0,0,1
36.96,33.33,0.0,0,0,0
51.81,50.0,0.0,0,0,1
31.93,33.33,0.0,0,0,0
46.09,50.0,100.0,0,0,1
12.11,0.0,100.0,0,0,0
56.21,50.0,0.0,0,0,1
35.63,33.33,0.0,0,0,0
46.1,0.0,0.0,0,0,1
19.48,0.0,0.0,0,0,0
51.66,0.0,0.0,0,0,1
26.29,0.0,0.0,0,0,0
49.0,50.0,0.0,0,0,1
19.9,0.0,0.0,0,0,0
57.37,50.0,0.0,0,0,1
15.54,0.0,0.0,0,0,0
44.47,0.0,0.0,0,0,1
15.75,0.0,0.0,0,0,0
55.94,0.0,0.0,0,0,1
12.51,0.0,0.0,0,0,0
48.41,50.0,100.0,0,0,1
26.75,0.0,100.0,0,0,0
42.34,50.0,0.0,0,0,1
19.56,33.33,0.0,0,0,0
41.97,50.0,0.0,0,0,1
16.31,0.0,0.0,0,0,0
49.65,0.0,100.0,0,0,1
8.41,0.0,100.0,0,0,0
36.5,50.0,0.0,0,0,1
33.85,33.33,0.0,0,0,0
35.75,0.0,100.0,0,0,1
23.83,0.0,100.0,0,0,0
51.45,50.0,0.0,0,0,1
16.76,0.0,0.0,0,0,0
58.28,50.0,100.0,0,0,1
28.94,0.0,100.0,0,0,0
44.1,50.0,0.0,0,0,1
16.3,0.0,0.0,0,0,0
52.57,50.0,100.0,0,0,1
30.95,0.0,100.0,0,0,0
46.57,0.0,0.0,0,0,1
16.43,0.0,0.0,0,0,0
51.24,50.0,0.0,0,0,1
16.36,0.0,0.0,0,0,0
46.1,50.0,100.0,0,0,1
31.05,33.33,100.0,0,0,0
46.69,0.0,0.0,0,0,1
13.96,0.0,0.0,0,0,0
50.75,50.0,100.0,0,0,1
28.82,0.0,100.0,0,0,0
56.63,50.0,100.0,0,0,1
20.06,0.0,100.0,0,0,0
52.44,50.0,100.0,0,0,1
34.59,33.33,100.0,0,0,0
64.11,0.0,100.0,0,0,1
40.76,0.0,100.0,0,0,0
50.28,50.0,0.0,0,0,1
18.38,0.0,0.0,0,0,0
62.44,50.0,100.0,0,0,1
24.47,0.0,100.0,0,0,0
59.82,50.0,0.0,0,0,1
30.48,0.0,0.0,0,0,0
55.96,50.0,0.0,0,0,1
17.91,0.0,0.0,0,0,0
48.02,0.0,0.0,0,0,1
16.11,0.0,0.0,0,0,0
58.34,0.0,100.0,0,0,1
14.96,0.0,100.0,0,0,0
52.74,50.0,100.0,0,0,1
15.8,0.0,100.0,0,0,0
44.61,50.0,100.0,0,0,1
24.41,0.0,100.0,0,0,0
57.52,0.0,0.0,0,0,1
22.61,0.0,0.0,0,0,0
44.99,50.0,100.0,0,0,1
14.3,0.0,100.0,0,0,0
51.54,0.0,100.0,0,0,1
29.04,0.0,100.0,0,0,0
52.19,50.0,0.0,0,0,1
34.24,33.33,0.0,0,0,0
51.59,50.0,0.0,0,0,1
13.49,0.0,0.0,0,0,0
60.15,50.0,100.0,0,0,1
47.35,33.33,100.0,0,0,0
57.77,50.0,100.0,0,0,1
21.11,0.0,100.0,0,0,0
38.41,0.0,0.0,0,0,1
15.87,0.0,0.0,0,0,0
46.8,100.0,0.0,0,0,1
32.09,66.67,0.0,0,0,0
53.49,0.0,100.0,0,0,1
15.24,0.0,100.0,0,0,0
61.84,50.0,0.0,0,0,1
28.99,0.0,0.0,0,0,0
46.83,50.0,0.0,0,0,1
19.79,0.0,0.0,0,0,0
65.98,50.0,0.0,0,0,1
26.32,0.0,0.0,0,0,0
50.26,50.0,100.0,0,0,1
18.68,0.0,100.0,0,0,0
62.49,50.0,100.0,0,0,1
52.92,33.33,100.0,0,0,0
51.91,0.0,100.0,0,0,1
20.9,0.0,100.0,0,0,0
62.61,50.0,0.0,0,0,1
45.53,33.33,0.0,0,0,0
46.79,0.0,100.0,0,0,1
18.31,0.0,100.0,0,0,0
52.47,0.0,0.0,0,0,1
18.11,0.0,0.0,0,0,0
54.91,50.0,100.0,0,0,1
10.38,0.0,100.0,0,0,0
54.03,0.0,100.0,0,0,1
29.49,0.0,100.0,0,0,0
55.96,50.0,0.0,0,0,1
21.04,0.0,0.0,0,0,0
57.01,50.0,0.0,0,0,1
26.23,0.0,0.0,0,0,0
50.2,50.0,0.0,0,0,1
46.11,33.33,0.0,0,0,0
55.66,100.0,0.0,0,0,1
39.21,66.67,0.0,0,0,0
48.43,50.0,100.0,0,0,1
21.39,0.0,100.0,0,0,0
41.26,0.0,0.0,0,0,1
5.13,0.0,0.0,0,0,0
24.96,0.0,0.0,0,0,1
22.37,0.0,0.0,0,0,0
22.21,0.0,100.0,0,0,1
27.64,0.0,100.0,0,0,0
10.97,0.0,0.0,0,0,1
14.02,0.0,0.0,0,0,0
23.83,0.0,100.0,0,0,1
22.44,0.0,100.0,0,0,0
45.13,0.0,100.0,0,0,1
39.94,50.0,100.0,0,0,0
33.38,0.0,0.0,0,0,1
34.99,33.33,0.0,0,0,0
34.4,0.0,100.0,0,0,1
34.0,33.33,100.0,0,0,0
33.57,0.0,0.0,0,0,1
22.47,0.0,0.0,0,0,0
51.15,0.0,100.0,0,0,1
11.15,0.0,100.0,0,0,0
40.36,0.0,0.0,0,0,1
10.14,0.0,0.0,0,0,0
23.36,0.0,0.0,0,0,1
22.28,33.33,0.0,0,0,0
26.96,0.0,0.0,0,0,1
19.96,50.0,0.0,0,0,0
20.98,0.0,0.0,0,0,1
5.5,0.0,0.0,0,0,0
14.78,0.0,0.0,0,0,1
17.85,0.0,0.0,0,0,0
42.8,0.0,0.0,0,0,1
23.55,33.33,0.0,0,0,0
46.53,0.0,0.0,0,0,1
9.86,0.0,0.0,0,0,0
48.99,0.0,0.0,0,0,1
18.18,0.0,0.0,0,0,0
33.63,0.0,0.0,0,0,1
25.07,0.0,0.0,0,0,0
35.31,0.0,0.0,0,0,1
18.6,0.0,0.0,0,0,0
41.15,0.0,0.0,0,0,1
15.92,0.0,0.0,0,0,0
46.39,0.0,100.0,0,0,1
25.6,0.0,100.0,0,0,0
39.22,0.0,100.0,0,0,1
22.55,0.0,100.0,0,0,0
29.36,0.0,0.0,0,0,1
23.67,0.0,0.0,0,0,0
35.69,0.0,0.0,0,0,1
31.03,0.0,0.0,0,0,0
29.27,0.0,0.0,0,0,1
10.3,0.0,0.0,0,0,0
37.47,0.0,0.0,0,0,1
29.56,33.33,0.0,0,0,0
30.69,0.0,0.0,0,0,1
19.9,0.0,0.0,0,0,0
20.08,0.0,0.0,0,0,1
7.56,0.0,0.0,0,0,0
12.25,0.0,0.0,0,0,1
20.79,50.0,0.0,0,0,0
29.62,0.0,100.0,0,0,1
24.81,33.33,100.0,0,0,0
21.89,0.0,100.0,0,0,1
31.48,0.0,100.0,0,0,0
22.99,0.0,0.0,0,0,1
10.77,0.0,0.0,0,0,0
46.2,0.0,100.0,0,0,1
22.26,0.0,100.0,0,0,0
41.25,0.0,100.0,0,0,1
23.6,33.33,100.0,0,0,0
39.09,0.0,100.0,0,0,1
26.5,50.0,100.0,0,0,0
29.55,0.0,0.0,0,0,1
26.64,0.0,0.0,0,0,0
15.37,0.0,0.0,0,0,1
16.54,0.0,0.0,0,0,0
23.14,0.0,0.0,0,0,1
19.09,0.0,0.0,0,0,0
38.36,0.0,0.0,0,0,1
33.33,50.0,0.0,0,0,0
42.9,0.0,100.0,0,0,1
25.91,0.0,100.0,0,0,0
33.66,0.0,0.0,0,0,1
6.02,0.0,0.0,0,0,0
26.55,0.0,100.0,0,0,1
32.69,0.0,100.0,0,0,0
21.91,0.0,100.0,0,0,1
17.18,0.0,100.0,0,0,0
21.72,0.0,0.0,0,0,1
15.19,0.0,0.0,0,0,0
35.55,0.0,0.0,0,0,1
19.27,50.0,0.0,0,0,0
49.97,0.0,100.0,0,0,1
17.58,0.0,100.0,0,0,0
41.65,0.0,0.0,0,0,1
19.32,33.33,0.0,0,0,0
32.57,0.0,100.0,0,0,1
8.8,0.0,100.0,0,0,0
41.4,0.0,0.0,0,0,1
19.45,0.0,0.0,0,0,0
38.05,0.0,100.0,0,0,1
35.92,0.0,100.0,0,0,0
31.8,0.0,100.0,0,0,1
6.49,0.0,100.0,0,0,0
31.42,0.0,0.0,0,0,1
9.43,0.0,0.0,0,0,0
19.04,0.0,100.0,0,0,1
21.45,0.0,100.0,0,0,0
27.68,0.0,0.0,0,0,1
33.4,50.0,0.0,0,0,0
23.54,0.0,100.0,0,0,1
14.73,50.0,100.0,0,0,0
45.22,0.0,0.0,0,0,1
19.55,0.0,0.0,0,0,0
23.83,0.0,0.0,0,0,1
17.84,0.0,0.0,0,0,0
27.37,0.0,0.0,0,0,1
13.68,0.0,0.0,0,0,0
19.96,0.0,0.0,0,0,1
17.14,0.0,0.0,0,0,0
30.69,0.0,100.0,0,0,1
27.51,0.0,100.0,0,0,0
51.74,0.0,0.0,0,0,1
27.1,0.0,0.0,0,0,0
32.45,0.0,0.0,0,0,1
32.1,25.0,0.0,0,0,0
21.29,0.0,100.0,0,0,1
21.72,0.0,100.0,0,0,0
21.44,0.0,100.0,0,0,1
21.96,0.0,100.0,0,0,0
12.37,0.0,0.0,0,0,1
11.41,0.0,0.0,0,0,0
43.74,0.0,100.0,0,0,1
23.16,0.0,100.0,0,0,0
44.13,0.0,0.0,0,0,1
14.1,0.0,0.0,0,0,0
41.66,0.0,0.0,0,0,1
25.26,0.0,0.0,0,0,0
34.87,0.0,0.0,0,0,1
19.56,0.0,0.0,0,0,0
42.48,0.0,0.0,0,0,1
19.94,0.0,0.0,0,0,0
17.5,0.0,100.0,0,0,1
20.34,33.33,100.0,0,0,0
35.73,0.0,100.0,0,0,1
23.76,0.0,100.0,0,0,0
38.35,0.0,100.0,0,0,1
18.58,33.33,100.0,0,0,0
40.3,0.0,100.0,0,0,1
10.43,0.0,100.0,0,0,0
35.9,0.0,0.0,0,0,1
15.35,0.0,0.0,0,0,0
27.75,0.0,0.0,0,0,1
24.11,0.0,0.0,0,0,0
19.71,0.0,100.0,0,0,1
15.96,0.0,100.0,0,0,0
34.05,0.0,0.0,0,0,1
32.02,0.0,0.0,0,0,0
33.0,0.0,0.0,0,0,1
8.04,0.0,0.0,0,0,0
21.72,0.0,0.0,0,0,1
22.0,0.0,0.0,0,0,0
48.46,0.0,100.0,0,0,1
30.49,33.33,100.0,0,0,0
25.44,0.0,100.0,0,0,1
24.49,33.33,100.0,0,0,0
47.76,0.0,0.0,0,0,1
17.58,0.0,0.0,0,0,0
32.23,0.0,0.0,0,0,1
26.42,0.0,0.0,0,0,0
43.35,0.0,100.0,0,0,1
43.27,0.0,100.0,0,0,0
38.4,0.0,100.0,0,0,1
13.23,50.0,100.0,0,0,0
20.27,0.0,100.0,0,0,1
24.78,0.0,100.0,0,0,0
18.55,0.0,0.0,0,0,1
15.09,0.0,0.0,0,0,0
45.92,0.0,0.0,0,0,1
40.4,0.0,0.0,0,0,0
16.59,0.0,0.0,0,0,1
51.02,0.0,0.0,0,0,0
44.61,0.0,0.0,0,0,1
27.07,0.0,0.0,0,0,0
17.21,0.0,0.0,0,0,1
13.31,0.0,0.0,0,0,0
42.41,0.0,0.0,0,0,1
23.71,0.0,0.0,0,0,0
6.16,0.0,100.0,0,0,1
12.08,50.0,100.0,0,0,0
26.74,0.0,0.0,0,0,1
25.86,0.0,0.0,0,0,0
16.79,0.0,0.0,0,0,1
24.3,50.0,0.0,0,0,0
27.3,0.0,100.0,0,0,1
-2.99,0.0,100.0,0,0,0
45.1,0.0,0.0,0,0,1
25.15,50.0,0.0,0,0,0
28.88,0.0,0.0,0,0,1
18.15,0.0,0.0,0,0,0
43.08,0.0,0.0,0,0,1
20.9,0.0,0.0,0,0,0
35.93,0.0,0.0,0,0,1
12.5,0.0,0.0,0,0,0
43.92,0.0,0.0,0,0,1
21.62,33.33,0.0,0,0,0
48.15,0.0,0.0,0,0,1
19.4,0.0,0.0,0,0,0
40.78,0.0,0.0,0,0,1
12.06,0.0,0.0,0,0,0
43.57,0.0,100.0,0,0,1
26.45,0.0,100.0,0,0,0
24.07,0.0,100.0,0,0,1
2.98,0.0,100.0,0,0,0
40.41,0.0,100.0,0,0,1
34.62,0.0,100.0,0,0,0
43.69,0.0,0.0,0,0,1
32.85,0.0,0.0,0,0,0
40.63,0.0,0.0,0,0,1
24.71,33.33,0.0,0,0,0
34.53,0.0,100.0,0,0,1
20.51,0.0,100.0,0,0,0
30.85,0.0,0.0,0,0,1
11.26,0.0,0.0,0,0,0
28.29,0.0,100.0,0,0,1
6.53,0.0,100.0,0,0,0
43.29,0.0,0.0,0,0,1
28.16,0.0,0.0,0,0,0
22.69,0.0,0.0,0,0,1
22.94,0.0,0.0,0,0,0
26.81,0.0,0.0,0,0,1
33.9,0.0,0.0,0,0,0
47.23,0.0,0.0,0,0,1
20.14,0.0,0.0,0,0,0
21.95,0.0,100.0,0,0,1
14.1,0.0,100.0,0,0,0
25.64,0.0,0.0,0,0,0
16.41,0.0,0.0,0,0,0
12.55,0.0,0.0,0,0,0
42.62,50.0,100.0,0,0,0
20.41,0.0,0.0,0,0,0
39.1,0.0,0.0,0,0,0
14.17,0.0,0.0,0,0,0
39.32,0.0,0.0,0,0,0
14.81,0.0,0.0,0,0,0
12.24,0.0,0.0,0,0,0
11.44,0.0,0.0,0,0,0
16.12,0.0,0.0,0,0,0
24.17,0.0,0.0,0,0,0
9.82,0.0,100.0,0,0,0
5.52,0.0,100.0,0,0,0
10.2,33.33,0.0,0,0,0
17.38,0.0,0.0,0,0,0
25.74,0.0,0.0,0,0,0
14.41,0.0,0.0,0,0,0
16.14,0.0,0.0,0,0,0
20.31,0.0,100.0,0,0,0
22.67,33.33,0.0,0,0,0
10.63,0.0,0.0,0,0,0
45.35,0.0,100.0,0,0,0
24.12,0.0,0.0,0,0,0
20.15,0.0,0.0,0,0,0
19.18,33.33,0.0,0,0,0
18.47,0.0,100.0,0,0,0
19.25,0.0,100.0,0,0,0
45.18,50.0,0.0,0,0,0
12.57,0.0,100.0,0,0,0
6.0,0.0,0.0,0,0,0
14.65,0.0,0.0,0,0,0
28.31,0.0,100.0,0,0,0
15.46,0.0,100.0,0,0,0
14.17,0.0,0.0,0,0,0
22.63,0.0,100.0,0,0,0
17.59,0.0,0.0,0,0,0
21.01,0.0,100.0,0,0,0
25.75,33.33,100.0,0,0,0
22.63,0.0,0.0,0,0,0
17.27,33.33,0.0,0,0,0
19.76,0.0,100.0,0,0,0
19.32,0.0,0.0,0,0,0
10.24,50.0,0.0,0,0,0
26.05,0.0,0.0,0,0,0
23.96,12.5,0.0,0,0,0
16.79,0.0,100.0,0,0,0
15.78,0.0,100.0,0,0,0
26.17,0.0,100.0,0,0,0
1.87,0.0,0.0,0,0,0
13.87,33.33,0.0,0,0,0
7.6,33.33,100.0,0,0,0
18.96,0.0,100.0,0,0,0
23.7,0.0,100.0,0,0,0
26.43,50.0,100.0,0,0,0
8.63,0.0,0.0,0,0,0
24.42,0.0,0.0,0,0,0
17.47,0.0,0.0,0,0,0
27.47,0.0,0.0,0,0,0
13.04,0.0,0.0,0,0,0
18.49,0.0,0.0,0,0,0
20.42,33.33,0.0,0,0,0
13.39,0.0,0.0,0,0,0
38.95,0.0,0.0,0,0,0
25.35,50.0,0.0,0,0,0
26.73,0.0,0.0,0,0,0
0.81,0.0,0.0,0,0,0
29.37,0.0,0.0,0,0,0
18.65,0.0,0.0,0,0,0
14.16,0.0,0.0,0,0,0
34.11,0.0,0.0,0,0,0
16.86,0.0,0.0,0,0,0
27.07,0.0,0.0,0,0,0
28.05,0.0,0.0,0,0,0
37.28,0.0,100.0,0,0,0
16.72,0.0,100.0,0,0,0
22.08,0.0,0.0,0,0,0
8.18,0.0,0.0,0,0,0
5.33,0.0,100.0,0,0,0
30.31,0.0,0.0,0,0,0
15.68,0.0,0.0,0,0,0
36.2,0.0,0.0,0,0,0
32.02,0.0,0.0,0,0,0
12.66,0.0,100.0,0,0,0
32.99,0.0,0.0,0,0,0
7.26,0.0,100.0,0,0,0
13.26,0.0,100.0,0,0,0
26.86,0.0,0.0,0,0,0
17.64,0.0,0.0,0,0,0
18.77,0.0,0.0,0,0,0
35.36,0.0,0.0,0,0,0
4.47,0.0,0.0,0,0,0
21.59,0.0,0.0,0,0,0
25.62,0.0,100.0,0,0,0
19.39,0.0,100.0,0,0,0
13.09,0.0,0.0,0,0,0
24.75,0.0,100.0,0,0,0
9.08,0.0,0.0,0,0,0
6.79,0.0,0.0,0,0,0
24.31,0.0,0.0,0,0,0
20.7,0.0,0.0,0,0,0
10.28,0.0,0.0,0,0,0
27.06,50.0,0.0,0,0,0
28.75,0.0,0.0,0,0,0
26.58,0.0,0.0,0,0,0
16.14,0.0,0.0,0,0,0
14.45,50.0,0.0,0,0,0
15.97,50.0,100.0,0,0,0
13.88,33.33,0.0,0,0,0
24.64,0.0,0.0,0,0,0
39.04,0.0,0.0,0,0,0
19.98,0.0,0.0,0,0,0
28.03,0.0,0.0,0,0,0
23.7,0.0,0.0,0,0,0
30.66,0.0,100.0,0,0,0
14.1,0.0,100.0,0,0,0
35.11,0.0,100.0,0,0,0
31.58,0.0,0.0,0,0,0
16.76,0.0,100.0,0,0,0
13.03,0.0,0.0,0,0,0
14.45,0.0,0.0,0,0,0
20.34,50.0,0.0,0,0,0
4.19,0.0,0.0,0,0,0
26.46,66.67,0.0,0,0,0
30.58,0.0,0.0,0,0,0
11.69,0.0,0.0,0,0,0
15.08,50.0,0.0,0,0,0
14.23,0.0,100.0,0,0,0
36.29,0.0,100.0,0,0,0
11.62,33.33,0.0,0,0,0
30.45,0.0,0.0,0,0,0
24.62,0.0,0.0,0,0,0
18.57,0.0,0.0,0,0,0
28.92,0.0,0.0,0,0,0
28.59,0.0,0.0,0,0,0
10.56,0.0,0.0,0,0,0
22.02,0.0,0.0,0,0,0
13.45,0.0,0.0,0,0,0
22.04,0.0,0.0,0,0,0
14.89,0.0,100.0,0,0,0
13.19,0.0,100.0,0,0,0
2.75,0.0,0.0,0,0,0
32.04,0.0,0.0,0,0,0
17.61,0.0,0.0,0,0,0
1.99,0.0,0.0,0,0,0
27.85,0.0,0.0,0,0,0
29.02,50.0,0.0,0,0,0
22.1,0.0,0.0,0,0,0
15.93,0.0,0.0,0,0,0
10.93,33.33,0.0,0,0,0
10.01,50.0,100.0,0,0,0
19.42,0.0,100.0,0,0,0
27.18,0.0,0.0,0,0,0
7.87,0.0,0.0,0,0,0
6.15,50.0,0.0,0,0,0
25.72,0.0,0.0,0,0,0
23.65,50.0,0.0,0,0,0
20.27,0.0,0.0,0,0,0
13.26,0.0,0.0,0,0,0
11.46,0.0,100.0,0,0,0
17.98,0.0,0.0,0,0,0
9.41,0.0,0.0,0,0,0
12.84,0.0,100.0,0,0,0
10.67,33.33,0.0,0,0,0
19.63,50.0,0.0,0,0,0
11.41,0.0,100.0,0,0,0
13.54,0.0,0.0,0,0,0
8.37,0.0,0.0,0,0,0
14.1,0.0,100.0,0,0,0
31.52,0.0,0.0,0,0,0
11.01,0.0,0.0,0,0,0
6.94,0.0,0.0,0,0,0
6.92,0.0,0.0,0,0,0
7.0,0.0,0.0,0,0,0
22.34,0.0,100.0,0,0,0
17.46,0.0,0.0,0,0,0
10.59,0.0,100.0,0,0,0
28.37,0.0,0.0,0,0,0
14.22,0.0,0.0,0,0,0
34.16,0.0,100.0,0,0,0
35.7,0.0,0.0,0,0,0
10.92,0.0,0.0,0,0,0
16.03,0.0,0.0,0,0,0
9.67,0.0,0.0,0,0,0
7.95,33.33,100.0,0,0,0
7.78,0.0,100.0,0,0,0
28.22,0.0,0.0,0,0,0
11.19,0.0,0.0,0,0,0
3.21,0.0,0.0,0,0,0
41.25,0.0,100.0,0,0,0
-0.32,0.0,100.0,0,0,0
20.89,0.0,0.0,0,0,0
4.32,0.0,0.0,0,0,0
4.94,0.0,0.0,0,0,0
14.07,0.0,100.0,0,0,0
21.66,0.0,100.0,0,0,0
23.8,0.0,0.0,0,0,0
25.23,0.0,0.0,0,0,0
29.73,0.0,100.0,0,0,0
21.49,0.0,100.0,0,0,0
24.52,0.0,0.0,0,0,0
2.17,0.0,0.0,0,0,0
8.51,0.0,0.0,0,0,0
25.0,0.0,100.0,0,0,0
19.96,0.0,0.0,0,0,0
31.3,0.0,100.0,0,0,0
3.97,0.0,0.0,0,0,0
21.6,33.33,0.0,0,0,0
18.71,33.33,0.0,0,0,0
12.53,33.33,100.0,0,0,0
18.84,0.0,0.0,0,0,0
8.79,0.0,0.0,0,0,0
22.24,50.0,0.0,0,0,0
20.84,0.0,0.0,0,0,0
26.78,0.0,100.0,0,0,0
11.43,0.0,0.0,0,0,0
14.24,0.0,0.0,0,0,0
19.83,0.0,100.0,0,0,0
12.7,0.0,100.0,0,0,0
7.07,0.0,0.0,0,0,0
22.29,0.0,100.0,0,0,0
28.85,50.0,100.0,0,0,0
30.02,0.0,0.0,0,0,0
12.27,0.0,100.0,0,0,0
18.39,0.0,0.0,0,0,0
7.87,0.0,100.0,0,0,0
17.65,0.0,0.0,0,0,0
20.37,0.0,0.0,0,0,0
12.13,0.0,0.0,0,0,0
12.54,0.0,100.0,0,0,0
24.43,0.0,0.0,0,0,0
39.65,0.0,0.0,0,0,0
22.49,0.0,0.0,0,0,0
26.43,0.0,0.0,0,0,0
15.08,0.0,100.0,0,0,0
15.52,0.0,100.0,0,0,0
13.21,0.0,0.0,0,0,0
20.68,0.0,100.0,0,0,0
17.35,0.0,0.0,0,0,0
3.88,0.0,0.0,0,0,0
6.71,0.0,0.0,0,0,0
15.62,0.0,0.0,0,0,0
23.84,0.0,0.0,0,0,0
13.1,0.0,0.0,0,0,0
9.08,33.33,0.0,0,0,0
32.35,0.0,0.0,0,0,0
20.67,0.0,100.0,0,0,0
9.16,0.0,0.0,0,0,0
24.3,0.0,0.0,0,0,0
28.11,0.0,100.0,0,0,0
19.04,33.33,0.0,0,0,0
23.49,0.0,0.0,0,0,0
24.46,0.0,100.0,0,0,0
35.42,0.0,0.0,0,0,0
10.56,0.0,0.0,0,0,0
24.54,0.0,0.0,0,0,0
9.15,0.0,0.0,0,0,0
26.52,0.0,0.0,0,0,0
11.62,0.0,100.0,0,0,0
19.67,33.33,0.0,0,0,0
10.77,0.0,0.0,0,0,0
37.13,0.0,0.0,0,0,0
30.71,0.0,0.0,0,0,0
10.32,0.0,0.0,0,0,0
13.12,0.0,100.0,0,0,0
43.85,33.33,0.0,0,0,0
21.07,0.0,0.0,0,0,0
10.95,0.0,100.0,0,0,0
21.28,0.0,100.0,0,0,0
24.78,0.0,0.0,0,0,0
19.36,0.0,0.0,0,0,0
-3.84,0.0,0.0,0,0,0
14.17,0.0,0.0,0,0,0
22.88,0.0,100.0,0,0,0
31.98,0.0,0.0,0,0,0
46.78,66.67,0.0,0,0,0
22.75,50.0,0.0,0,0,0
8.9,0.0,100.0,0,0,0
27.3,0.0,0.0,0,0,0
22.28,100.0,100.0,0,0,0
24.71,0.0,100.0,0,0,0
28.03,0.0,100.0,0,0,0
15.45,0.0,100.0,0,0,0
11.69,0.0,0.0,0,0,0
30.98,0.0,0.0,0,0,0
43.48,66.67,0.0,0,0,0
17.69,0.0,100.0,0,0,0
12.98,0.0,100.0,0,0,0
17.79,50.0,0.0,0,0,0
12.22,0.0,100.0,0,0,0
25.03,0.0,100.0,0,0,0
24.3,0.0,100.0,0,0,0
30.45,0.0,0.0,0,0,0
9.11,0.0,100.0,0,0,0
16.39,0.0,0.0,0,0,0
36.3,0.0,0.0,0,0,0
42.37,0.0,100.0,0,0,0
25.37,0.0,100.0,0,0,0
16.25,33.33,0.0,0,0,0
29.46,0.0,100.0,0,0,0
13.87,0.0,100.0,0,0,0
14.64,0.0,0.0,0,0,0
20.51,0.0,100.0,0,0,0
12.51,33.33,0.0,0,0,0
16.7,0.0,100.0,0,0,0
9.91,0.0,0.0,0,0,0
17.93,0.0,100.0,0,0,0
24.93,0.0,100.0,0,0,0
25.41,0.0,0.0,0,0,0
35.32,0.0,0.0,0,0,0
31.95,0.0,0.0,0,0,0
23.21,0.0,100.0,0,0,0
28.53,0.0,0.0,0,0,0
31.95,0.0,0.0,0,0,0
19.35,0.0,0.0,0,0,0
18.97,0.0,0.0,0,0,0
14.73,33.33,100.0,0,0,0
17.2,0.0,0.0,0,0,0
2.52,0.0,0.0,0,0,0
-0.7,0.0,0.0,0,0,0
12.85,0.0,0.0,0,0,0
14.59,0.0,0.0,0,0,0
12.65,0.0,100.0,0,0,0
7.27,0.0,0.0,0,0,0
26.68,50.0,100.0,0,0,0
31.9,0.0,0.0,0,0,0
31.41,0.0,100.0,0,0,0
21.88,50.0,100.0,0,0,0
23.46,0.0,100.0,0,0,0
24.62,0.0,100.0,0,0,0
-11.51,0.0,0.0,0,0,0
7.95,0.0,0.0,0,0,0
12.37,33.33,100.0,0,0,0
12.08,0.0,100.0,0,0,0
36.16,0.0,0.0,0,0,0
16.42,0.0,0.0,0,0,0
20.07,0.0,100.0,0,0,0
22.65,0.0,0.0,0,0,0
13.76,0.0,100.0,0,0,0
8.16,33.33,100.0,0,0,0
18.64,0.0,0.0,0,0,0
17.46,0.0,0.0,0,0,0
32.35,0.0,0.0,0,0,0
24.04,33.33,100.0,0,0,0
14.15,0.0,0.0,0,0,0
4.93,0.0,100.0,0,0,0
34.97,66.67,100.0,0,0,0
10.56,33.33,100.0,0,0,0
22.5,0.0,0.0,0,0,0
13.52,0.0,0.0,0,0,0
28.3,50.0,0.0,0,0,0
24.99,0.0,100.0,0,0,0
22.64,0.0,100.0,0,0,0
19.85,0.0,100.0,0,0,0
21.2,0.0,0.0,0,0,0
27.57,0.0,0.0,0,0,0
26.63,0.0,100.0,0,0,0
36.22,0.0,0.0,0,0,0
36.3,0.0,100.0,0,0,0
19.72,0.0,100.0,0,0,0
25.18,0.0,100.0,0,0,0
26.74,0.0,100.0,0,0,0
1.29,0.0,0.0,0,0,0
23.14,0.0,0.0,0,0,0
22.64,0.0,100.0,0,0,0
30.5,0.0,0.0,0,0,0
16.92,0.0,0.0,0,0,0
20.2,0.0,0.0,0,0,0
13.95,0.0,100.0,0,0,0
28.26,0.0,0.0,0,0,0
19.73,0.0,100.0,0,0,0
7.35,0.0,100.0,0,0,0
19.14,0.0,0.0,0,0,0
30.65,0.0,0.0,0,0,0
32.51,0.0,100.0,0,0,0
22.28,33.33,0.0,0,0,0
18.68,0.0,0.0,0,0,0
11.89,0.0,0.0,0,0,0
22.73,33.33,0.0,0,0,0
19.94,0.0,0.0,0,0,0
13.67,0.0,0.0,0,0,0
22.28,0.0,100.0,0,0,0
8.69,0.0,100.0,0,0,0
26.31,50.0,100.0,0,0,0
24.88,0.0,100.0,0,0,0
2.35,0.0,0.0,0,0,0
19.06,0.0,0.0,0,0,0
38.99,0.0,0.0,0,0,0
14.03,0.0,0.0,0,0,0
10.9,0.0,0.0,0,0,0
15.72,0.0,0.0,0,0,0
19.35,0.0,100.0,0,0,0
19.02,0.0,0.0,0,0,0
8.73,50.0,0.0,0,0,0
25.81,0.0,100.0,0,0,0
24.65,50.0,100.0,0,0,0
21.32,0.0,0.0,0,0,0
26.73,0.0,0.0,0,0,0
4.54,0.0,0.0,0,0,0
18.95,0.0,0.0,0,0,0
26.72,0.0,100.0,0,0,0
7.93,0.0,100.0,0,0,0
24.15,0.0,100.0,0,0,0
14.69,0.0,0.0,0,0,0
14.7,0.0,0.0,0,0,0
14.71,0.0,0.0,0,0,0
20.85,0.0,0.0,0,0,0
10.65,0.0,0.0,0,0,0
2.34,0.0,100.0,0,0,0
16.92,0.0,0.0,0,0,0
18.43,0.0,0.0,0,0,0
10.72,0.0,0.0,0,0,0
24.79,0.0,0.0,0,0,0
28.47,0.0,0.0,0,0,0
22.69,0.0,0.0,0,0,0
23.83,0.0,0.0,0,0,0
29.25,0.0,0.0,0,0,0
18.64,0.0,0.0,0,0,0
13.45,0.0,0.0,0,0,0
26.08,0.0,100.0,0,0,0
13.08,0.0,100.0,0,0,0
21.05,0.0,0.0,0,0,0
16.82,0.0,100.0,0,0,0
12.98,0.0,0.0,0,0,0
8.48,0.0,0.0,0,0,0
13.12,33.33,100.0,0,0,0
16.36,0.0,100.0,0,0,0
18.81,0.0,100.0,0,0,0
35.97,0.0,100.0,0,0,0
22.46,0.0,0.0,0,0,0
38.02,0.0,0.0,0,0,0
12.0,0.0,0.0,0,0,0
50.4,33.33,0.0,0,0,0
17.53,0.0,0.0,0,0,0
15.93,0.0,100.0,0,0,0
46.03,50.0,100.0,0,0,0
15.04,0.0,0.0,0,0,0
13.37,0.0,0.0,0,0,0
17.92,0.0,100.0,0,0,0
36.71,50.0,100.0,0,0,0
30.6,37.5,0.0,0,0,0
11.4,0.0,0.0,0,0,0
24.95,0.0,100.0,0,0,0
32.07,0.0,100.0,0,0,0
14.05,0.0,0.0,0,0,0
33.44,50.0,0.0,0,0,0
27.4,0.0,100.0,0,0,0
43.24,0.0,100.0,0,0,0
21.52,0.0,0.0,0,0,0
31.37,0.0,0.0,0,0,0
27.24,0.0,0.0,0,0,0
33.37,50.0,0.0,0,0,0
18.49,0.0,100.0,0,0,0
25.01,0.0,0.0,0,0,0
19.1,0.0,0.0,0,0,0
22.36,50.0,0.0,0,0,0
23.76,0.0,0.0,0,0,0
15.2,33.33,100.0,0,0,0
34.82,33.33,100.0,0,0,0
17.02,0.0,0.0,0,0,0
20.7,0.0,0.0,0,0,0
22.23,0.0,0.0,0,0,0
32.97,0.0,0.0,0,0,0
30.05,0.0,0.0,0,0,0
15.37,0.0,0.0,0,0,0
9.49,0.0,0.0,0,0,0
21.0,0.0,100.0,0,0,0
16.56,0.0,100.0,0,0,0
3.69,0.0,100.0,0,0,0
23.38,0.0,100.0,0,0,0
28.5,0.0,100.0,0,0,0
18.44,0.0,100.0,0,0,0
24.38,0.0,100.0,0,0,0
18.24,0.0,0.0,0,0,0
45.38,12.5,100.0,0,0,0
36.26,0.0,0.0,0,0,0
30.75,0.0,100.0,0,0,0
21.6,0.0,100.0,0,0,0
6.19,0.0,0.0,0,0,0
42.26,0.0,100.0,0,0,0
19.59,0.0,100.0,0,0,0
32.33,0.0,0.0,0,0,0
12.2,0.0,100.0,0,0,0
13.67,25.0,0.0,0,0,0
21.07,0.0,100.0,0,0,0
22.39,33.33,0.0,0,0,0
18.35,0.0,0.0,0,0,0
27.24,33.33,100.0,0,0,0
14.95,0.0,0.0,0,0,0
25.47,0.0,100.0,0,0,0
20.55,0.0,0.0,0,0,0
40.67,0.0,0.0,0,0,0
42.37,0.0,0.0,0,0,0
10.66,0.0,100.0,0,0,0
11.97,12.5,0.0,0,0,0
30.73,0.0,0.0,0,0,0
18.76,0.0,0.0,0,0,0
29.15,0.0,100.0,0,0,0
20.27,0.0,100.0,0,0,0
21.64,0.0,100.0,0,0,0
21.63,0.0,0.0,0,0,0
27.56,0.0,0.0,0,0,0
19.64,0.0,0.0,0,0,0
22.46,0.0,0.0,0,0,0
29.31,0.0,0.0,0,0,0
24.12,50.0,100.0,0,0,0
13.82,0.0,0.0,0,0,0
25.63,0.0,0.0,0,0,0
22.29,0.0,100.0,0,0,0
10.29,0.0,100.0,0,0,0
13.34,0.0,0.0,0,0,0
21.43,0.0,0.0,0,0,0
2.75,0.0,100.0,0,0,0
28.06,0.0,100.0,0,0,0
23.19,0.0,0.0,0,0,0
13.2,0.0,0.0,0,0,0
29.24,33.33,100.0,0,0,0
17.5,0.0,0.0,0,0,0
29.89,12.5,100.0,0,0,0
14.07,0.0,0.0,0,0,0
11.69,0.0,0.0,0,0,0
20.02,0.0,0.0,0,0,0
29.01,12.5,0.0,0,0,0
1.1,0.0,0.0,0,0,0
26.47,0.0,0.0,0,0,0
23.68,0.0,0.0,0,0,0
5.65,0.0,100.0,0,0,0
18.94,0.0,0.0,0,0,0
27.21,50.0,100.0,0,0,0
22.93,0.0,100.0,0,0,0
29.42,0.0,100.0,0,0,0
17.91,0.0,100.0,0,0,0
16.25,0.0,100.0,0,0,0
18.88,0.0,0.0,0,0,0
24.05,0.0,0.0,0,0,0
23.86,0.0,100.0,0,0,0
24.76,0.0,0.0,0,0,0
27.58,0.0,0.0,0,0,0
22.04,0.0,0.0,0,0,0
16.16,0.0,100.0,0,0,0
29.75,0.0,100.0,0,0,0
10.44,0.0,100.0,0,0,0
10.63,0.0,0.0,0,0,0
43.2,0.0,100.0,0,0,0
45.91,33.33,100.0,0,0,0
20.46,0.0,100.0,0,0,0
25.13,0.0,0.0,0,0,0
20.25,0.0,0.0,0,0,0
8.22,0.0,100.0,0,0,0
17.87,0.0,100.0,0,0,0
52.89,0.0,100.0,0,0,0
18.85,0.0,0.0,0,0,0
37.86,0.0,100.0,0,0,0
20.0,0.0,0.0,0,0,0
26.95,0.0,100.0,0,0,0
28.79,0.0,0.0,0,0,0
20.81,0.0,0.0,0,0,0
29.54,0.0,100.0,0,0,0
34.67,33.33,0.0,0,0,0
22.64,0.0,0.0,0,0,0
15.72,0.0,100.0,0,0,0
15.03,0.0,0.0,0,0,0
38.62,0.0,100.0,0,0,0
25.46,0.0,0.0,0,0,0
30.76,50.0,100.0,0,0,0
22.96,0.0,0.0,0,0,0
28.13,0.0,0.0,0,0,0
21.36,0.0,0.0,0,0,0
27.94,0.0,0.0,0,0,0
30.97,0.0,0.0,0,0,0
23.16,50.0,100.0,0,0,0
28.86,0.0,0.0,0,0,0
14.35,0.0,100.0,0,0,0
26.71,0.0,0.0,0,0,0
43.28,33.33,0.0,0,0,0
25.78,33.33,100.0,0,0,0
23.09,0.0,0.0,0,0,0
21.07,0.0,0.0,0,0,0
12.37,0.0,100.0,0,0,0
28.0,0.0,0.0,0,0,0
8.06,0.0,0.0,0,0,0
21.56,0.0,100.0,0,0,0
31.41,0.0,100.0,0,0,0
16.01,0.0,100.0,0,0,0
19.16,0.0,0.0,0,0,0
27.54,0.0,0.0,0,0,0
26.37,0.0,0.0,0,0,0
32.85,0.0,100.0,0,0,0
30.72,50.0,0.0,0,0,0
17.75,0.0,0.0,0,0,0
22.69,0.0,0.0,0,0,0
6.77,0.0,100.0,0,0,0
27.07,0.0,0.0,0,0,0
23.4,0.0,100.0,0,0,0
21.17,0.0,100.0,0,0,0
41.01,0.0,0.0,0,0,0
34.09,50.0,100.0,0,0,0
20.32,0.0,100.0,0,0,0
30.65,0.0,100.0,0,0,0
13.63,0.0,0.0,0,0,0
28.28,0.0,100.0,0,0,0
20.59,0.0,100.0,0,0,0
25.47,0.0,0.0,0,0,0
22.24,0.0,0.0,0,0,0
20.64,0.0,100.0,0,0,0
20.29,0.0,0.0,0,0,0
21.29,0.0,100.0,0,0,0
20.92,0.0,100.0,0,0,0
28.59,0.0,100.0,0,0,0
12.08,0.0,0.0,0,0,0
18.66,0.0,100.0,0,0,0
30.61,0.0,100.0,0,0,0
26.11,0.0,0.0,0,0,0
11.83,0.0,100.0,0,0,0
28.13,0.0,0.0,0,0,0
18.83,0.0,0.0,0,0,0
23.1,0.0,0.0,0,0,0
22.94,33.33,0.0,0,0,0
27.74,0.0,0.0,0,0,0
20.47,0.0,0.0,0,0,0
28.35,0.0,0.0,0,0,0
20.43,0.0,0.0,0,0,0
30.2,0.0,100.0,0,0,0
9.08,0.0,0.0,0,0,0
30.32,0.0,100.0,0,0,0
14.38,0.0,0.0,0,0,0
29.94,0.0,100.0,0,0,0
19.95,0.0,0.0,0,0,0
28.52,0.0,0.0,0,0,0
19.02,0.0,0.0,0,0,0
28.9,50.0,100.0,0,0,0
27.75,0.0,0.0,0,0,0
32.82,0.0,100.0,0,0,0
17.71,0.0,100.0,0,0,0
30.26,0.0,0.0,0,0,0
22.78,0.0,0.0,0,0,0
25.22,0.0,100.0,0,0,0
33.63,0.0,100.0,0,0,0
27.52,12.5,0.0,0,0,0
31.84,0.0,0.0,0,0,0
11.96,0.0,0.0,0,0,0
30.96,0.0,100.0,0,0,0
25.53,0.0,0.0,0,0,0
20.85,0.0,0.0,0,0,0
32.66,0.0,100.0,0,0,0
37.2,0.0,100.0,0,0,0
29.47,0.0,100.0,0,0,0
26.43,0.0,100.0,0,0,0
18.53,0.0,100.0,0,0,0
25.45,0.0,100.0,0,0,0
33.67,0.0,100.0,0,0,0
15.79,0.0,0.0,0,0,0
32.09,0.0,100.0,0,0,0
9.86,0.0,100.0,0,0,0
20.92,0.0,0.0,0,0,0
14.57,0.0,0.0,0,0,0
32.07,0.0,0.0,0,0,0
24.62,0.0,100.0,0,0,0
18.36,0.0,100.0,0,0,0
30.45,0.0,0.0,0,0,0
10.18,0.0,100.0,0,0,0
21.53,0.0,100.0,0,0,0
21.73,0.0,0.0,0,0,0
23.4,0.0,0.0,0,0,0
21.37,0.0,0.0,0,0,0
38.95,0.0,0.0,0,0,0
19.66,0.0,0.0,0,0,0
9.51,0.0,0.0,0,0,0
30.99,0.0,0.0,0,0,0
29.86,0.0,0.0,0,0,0
31.03,0.0,100.0,0,0,0
51.66,0.0,0.0,0,0,1
6.4,0.0,0.0,0,0,0
63.91,0.0,100.0,0,0,1
8.75,0.0,100.0,0,0,0
49.92,0.0,0.0,0,0,1
31.31,0.0,0.0,0,0,0
56.65,0.0,100.0,0,0,1
29.7,0.0,100.0,0,0,0
59.3,0.0,0.0,0,0,1
2.06,0.0,0.0,0,0,0
60.21,0.0,0.0,0,0,1
4.77,0.0,0.0,0,0,0
61.57,0.0,100.0,0,0,1
2.37,0.0,100.0,0,0,0
44.46,0.0,100.0,0,0,1
1.39,0.0,100.0,0,0,0
26.31,0.0,100.0,0,0,1
8.84,0.0,100.0,0,0,0
66.15,0.0,0.0,0,0,1
18.25,50.0,0.0,0,0,0
14.97,0.0,0.0,0,0,1
18.32,50.0,0.0,0,0,0
27.8,0.0,0.0,0,0,1
25.45,0.0,0.0,0,0,0
53.33,0.0,0.0,0,0,1
23.7,50.0,0.0,0,0,0
69.0,0.0,0.0,0,0,1
16.49,0.0,0.0,0,0,0
61.66,0.0,100.0,0,0,1
4.28,0.0,100.0,0,0,0
64.49,0.0,100.0,0,0,1
26.04,0.0,100.0,0,0,0
63.31,0.0,100.0,0,0,1
19.78,0.0,100.0,0,0,0
56.83,0.0,100.0,0,0,1
25.81,0.0,100.0,0,0,0
70.87,0.0,0.0,0,0,1
12.86,33.33,0.0,0,0,0
59.71,0.0,0.0,0,0,1
16.51,0.0,0.0,0,0,0
58.06,0.0,0.0,0,0,1
18.02,0.0,0.0,0,0,0
63.35,0.0,100.0,0,0,1
25.64,0.0,100.0,0,0,0
64.93,0.0,100.0,0,0,1
7.54,33.33,100.0,0,0,0
64.81,0.0,0.0,0,0,1
24.2,0.0,0.0,0,0,0
62.42,0.0,100.0,0,0,1
5.19,0.0,100.0,0,0,0
51.82,0.0,0.0,0,0,1
5.92,0.0,0.0,0,0,0
59.09,0.0,0.0,0,0,1
23.43,0.0,0.0,0,0,0
49.0,0.0,0.0,0,0,1
10.65,0.0,0.0,0,0,0
69.46,0.0,100.0,0,0,1
5.67,0.0,100.0,0,0,0
21.38,0.0,0.0,0,0,1
39.0,0.0,0.0,0,0,0
66.1,0.0,100.0,0,0,1
12.15,0.0,100.0,0,0,0
74.55,0.0,0.0,0,0,1
27.9,0.0,0.0,0,0,0
67.01,0.0,0.0,0,0,1
7.65,0.0,0.0,0,0,0
63.41,0.0,100.0,0,0,1
27.68,0.0,100.0,0,0,0
64.68,0.0,0.0,0,0,1
3.45,0.0,0.0,0,0,0
62.7,0.0,0.0,0,0,1
9.44,33.33,0.0,0,0,0
25.82,0.0,100.0,0,0,1
8.19,0.0,100.0,0,0,0
32.64,0.0,100.0,0,0,1
26.3,0.0,100.0,0,0,0
61.44,0.0,0.0,0,0,1
5.93,0.0,0.0,0,0,0
58.19,0.0,100.0,0,0,1
-2.13,0.0,100.0,0,0,0
65.23,0.0,100.0,0,0,1
20.6,50.0,100.0,0,0,0
60.23,0.0,0.0,0,0,1
2.25,0.0,0.0,0,0,0
55.7,0.0,0.0,0,0,1
10.88,0.0,0.0,0,0,0
69.2,0.0,0.0,0,0,1
14.84,0.0,0.0,0,0,0
62.51,0.0,100.0,0,0,1
8.36,0.0,100.0,0,0,0
57.32,0.0,100.0,0,0,1
6.15,0.0,100.0,0,0,0
67.77,0.0,0.0,0,0,1
8.48,33.33,0.0,0,0,0
68.38,0.0,100.0,0,0,1
6.99,0.0,100.0,0,0,0
55.51,0.0,100.0,0,0,1
6.17,0.0,100.0,0,0,0
60.62,0.0,0.0,0,0,1
19.68,0.0,0.0,0,0,0
63.46,0.0,0.0,0,0,1
11.66,0.0,0.0,0,0,0
53.65,0.0,100.0,0,0,1
7.48,0.0,100.0,0,0,0
33.74,0.0,0.0,0,0,1
31.33,0.0,0.0,0,0,0
62.19,0.0,100.0,0,0,1
4.27,0.0,100.0,0,0,0
51.51,0.0,0.0,0,0,1
14.33,33.33,0.0,0,0,0
51.52,0.0,0.0,0,0,1
0.9,0.0,0.0,0,0,0
59.31,0.0,100.0,0,0,1
17.17,33.33,100.0,0,0,0
66.74,0.0,0.0,0,0,1
13.17,0.0,0.0,0,0,0
62.61,0.0,0.0,0,0,1
14.76,0.0,0.0,0,0,0
24.1,0.0,100.0,0,0,1
27.52,0.0,100.0,0,0,0
67.2,0.0,0.0,0,0,1
23.77,0.0,0.0,0,0,0
33.71,0.0,0.0,0,0,1
23.08,0.0,0.0,0,0,0
70.22,0.0,0.0,0,0,1
5.32,0.0,0.0,0,0,0
63.18,0.0,100.0,0,0,1
15.14,0.0,100.0,0,0,0
62.3,0.0,0.0,0,0,1
24.31,0.0,0.0,0,0,0
66.05,0.0,0.0,0,0,1
10.96,0.0,0.0,0,0,0
35.3,0.0,0.0,0,0,1
20.92,33.33,0.0,0,0,0
58.65,0.0,100.0,0,0,1
18.09,0.0,100.0,0,0,0
64.57,0.0,0.0,0,0,1
17.04,0.0,0.0,0,0,0
65.12,0.0,0.0,0,0,1
4.86,0.0,0.0,0,0,0
46.06,0.0,0.0,0,0,1
11.35,33.33,0.0,0,0,0
68.63,0.0,0.0,0,0,1
6.53,33.33,0.0,0,0,0
38.48,0.0,0.0,0,0,1
4.53,0.0,0.0,0,0,0
53.28,0.0,0.0,0,0,1
30.24,0.0,0.0,0,0,0
60.25,0.0,100.0,0,0,1
7.81,0.0,100.0,0,0,0
68.39,0.0,0.0,0,0,1
6.3,0.0,0.0,0,0,0
55.46,0.0,0.0,0,0,1
10.68,0.0,0.0,0,0,0
63.13,0.0,0.0,0,0,1
9.43,0.0,0.0,0,0,0
65.21,0.0,0.0,0,0,1
7.71,0.0,0.0,0,0,0
64.18,0.0,0.0,0,0,1
21.24,0.0,0.0,0,0,0
65.41,0.0,100.0,0,0,1
5.54,0.0,100.0,0,0,0
64.82,0.0,0.0,0,0,1
16.94,0.0,0.0,0,0,0
26.47,0.0,100.0,0,0,1
22.79,50.0,100.0,0,0,0
16.37,0.0,100.0,0,0,1
27.69,0.0,100.0,0,0,0
55.76,0.0,0.0,0,0,1
7.45,0.0,0.0,0,0,0
54.17,0.0,0.0,0,0,1
19.21,0.0,0.0,0,0,0
52.19,0.0,100.0,0,0,1
9.92,0.0,100.0,0,0,0
34.31,0.0,100.0,0,0,1
45.08,50.0,100.0,0,0,0
54.56,0.0,0.0,0,0,1
2.32,0.0,0.0,0,0,0
63.84,0.0,0.0,0,0,1
32.18,0.0,0.0,0,0,0
53.58,0.0,0.0,0,0,1
14.39,0.0,0.0,0,0,0
68.18,0.0,100.0,0,0,1
21.33,50.0,100.0,0,0,0
62.86,0.0,0.0,0,0,1
-0.52,0.0,0.0,0,0,0
61.32,0.0,100.0,0,0,1
25.31,50.0,100.0,0,0,0
59.39,0.0,100.0,0,0,1
15.41,0.0,100.0,0,0,0
24.1,0.0,0.0,0,0,1
14.54,33.33,0.0,0,0,0
63.7,0.0,100.0,0,0,1
5.0,0.0,100.0,0,0,0
63.84,0.0,0.0,0,0,1
14.87,0.0,0.0,0,0,0
50.15,0.0,0.0,0,0,1
19.46,0.0,0.0,0,0,0
51.17,0.0,0.0,0,0,1
28.53,0.0,0.0,0,0,0
51.48,0.0,0.0,0,0,1
2.66,0.0,0.0,0,0,0
60.11,0.0,0.0,0,0,1
11.39,0.0,0.0,0,0,0
59.44,0.0,0.0,0,0,1
20.94,0.0,0.0,0,0,0
61.88,0.0,0.0,0,0,1
5.15,0.0,0.0,0,0,0
25.29,0.0,0.0,0,0,1
29.91,0.0,0.0,0,0,0
65.06,0.0,0.0,0,0,1
4.1,0.0,0.0,0,0,0
25.06,0.0,100.0,0,0,1
28.3,0.0,100.0,0,0,0
56.58,0.0,100.0,0,0,1
14.14,0.0,100.0,0,0,0
55.55,0.0,0.0,0,0,1
5.85,0.0,0.0,0,0,0
65.57,0.0,0.0,0,0,1
8.06,0.0,0.0,0,0,0
56.79,0.0,0.0,0,0,1
7.79,0.0,0.0,0,0,0
53.58,0.0,100.0,0,0,1
17.86,0.0,100.0,0,0,0
62.47,0.0,0.0,0,0,1
5.93,0.0,0.0,0,0,0
51.16,0.0,0.0,0,0,1
2.43,0.0,0.0,0,0,0
66.12,0.0,0.0,0,0,1
31.69,0.0,0.0,0,0,0
54.23,0.0,0.0,0,0,1
4.02,0.0,0.0,0,0,0
59.41,0.0,100.0,0,0,1
4.03,0.0,100.0,0,0,0
69.25,0.0,100.0,0,0,1
16.49,0.0,100.0,0,0,0
32.84,33.33,100.0,0,0,0
34.88,0.0,100.0,0,0,0
36.84,0.0,100.0,0,0,0
19.8,0.0,100.0,0,0,0
15.7,0.0,0.0,0,0,0
30.07,0.0,0.0,0,0,0
19.3,50.0,100.0,0,0,0
19.42,0.0,100.0,0,0,0
12.83,0.0,0.0,0,0,0
28.99,0.0,100.0,0,0,0
16.94,0.0,100.0,0,0,0
35.38,0.0,0.0,0,0,0
16.17,0.0,100.0,0,0,0
20.52,0.0,0.0,0,0,0
20.48,0.0,0.0,0,0,0
12.66,0.0,100.0,0,0,0
20.55,0.0,0.0,0,0,0
24.67,0.0,0.0,0,0,0
25.32,0.0,0.0,0,0,0
29.86,0.0,100.0,0,0,0
28.73,0.0,0.0,0,0,0
21.28,12.5,100.0,0,0,0
19.91,0.0,0.0,0,0,0
21.44,0.0,100.0,0,0,0
23.25,0.0,0.0,0,0,0
18.31,0.0,100.0,0,0,0
20.07,0.0,0.0,0,0,0
28.81,0.0,100.0,0,0,0
14.92,0.0,0.0,0,0,0
33.74,0.0,100.0,0,0,0
15.34,0.0,100.0,0,0,0
23.41,0.0,0.0,0,0,0
16.86,0.0,0.0,0,0,0
23.91,0.0,100.0,0,0,0
12.21,50.0,0.0,0,0,0
29.28,0.0,0.0,0,0,0
9.05,0.0,0.0,0,0,0
20.72,0.0,0.0,0,0,0
20.2,0.0,0.0,0,0,0
26.82,0.0,100.0,0,0,0
7.87,0.0,0.0,0,0,0
20.63,0.0,100.0,0,0,0
38.89,0.0,100.0,0,0,0
19.47,0.0,100.0,0,0,0
12.31,0.0,100.0,0,0,0
23.11,0.0,100.0,0,0,0
20.13,0.0,100.0,0,0,0
7.92,0.0,0.0,0,0,0
19.93,0.0,100.0,0,0,0
8.68,50.0,100.0,0,0,0
12.39,0.0,0.0,0,0,0
19.02,0.0,100.0,0,0,0
16.4,0.0,100.0,0,0,0
8.07,0.0,100.0,0,0,0
12.86,0.0,0.0,0,0,0
21.84,50.0,100.0,0,0,0
9.9,0.0,0.0,0,0,0
19.04,0.0,100.0,0,0,0
20.2,0.0,0.0,0,0,0
6.49,0.0,0.0,0,0,0
15.22,0.0,0.0,0,0,0
17.47,0.0,0.0,0,0,0
16.04,0.0,100.0,0,0,0
12.79,0.0,0.0,0,0,0
13.21,0.0,100.0,0,0,0
23.57,0.0,0.0,0,0,0
7.48,0.0,100.0,0,0,0
26.11,0.0,0.0,0,0,0
16.17,0.0,0.0,0,0,0
27.34,50.0,0.0,0,0,0
32.36,0.0,0.0,0,0,0
13.82,0.0,0.0,0,0,0
23.24,0.0,0.0,0,0,0
15.98,0.0,100.0,0,0,0
46.37,50.0,100.0,0,0,0
7.47,0.0,0.0,0,0,0
23.54,0.0,0.0,0,0,0
7.94,0.0,100.0,0,0,0
32.32,0.0,0.0,0,0,0
26.23,0.0,0.0,0,0,0
12.37,0.0,0.0,0,0,0
11.26,0.0,0.0,0,0,0
36.37,0.0,100.0,0,0,0
8.35,0.0,0.0,0,0,0
17.91,0.0,100.0,0,0,0
31.45,33.33,100.0,0,0,0
14.33,33.33,100.0,0,0,0
14.25,0.0,100.0,0,0,0
9.54,50.0,100.0,0,0,0
23.82,0.0,100.0,0,0,0
19.61,0.0,100.0,0,0,0
8.89,50.0,100.0,0,0,0
27.06,0.0,100.0,0,0,0
22.54,0.0,100.0,0,0,0
12.09,0.0,0.0,0,0,0
30.58,0.0,0.0,0,0,0
15.32,0.0,0.0,0,0,0
26.25,0.0,0.0,0,0,0
24.92,0.0,100.0,0,0,0
11.23,0.0,0.0,0,0,0
21.84,0.0,0.0,0,0,0
34.16,0.0,0.0,0,0,0
23.26,0.0,0.0,0,0,0
12.9,0.0,0.0,0,0,0
32.0,0.0,0.0,0,0,0
13.76,0.0,100.0,0,0,0
6.6,0.0,0.0,0,0,0
18.69,0.0,0.0,0,0,0
14.92,0.0,0.0,0,0,0
23.09,33.33,0.0,0,0,0
7.19,0.0,0.0,0,0,0
32.13,0.0,0.0,0,0,0
32.1,0.0,0.0,0,0,0
25.57,0.0,0.0,0,0,0
36.75,0.0,0.0,0,0,0
32.03,0.0,0.0,0,0,0
34.58,0.0,100.0,0,0,0
26.54,0.0,100.0,0,0,0
33.39,0.0,100.0,0,0,0
26.53,66.67,100.0,0,0,0
19.66,0.0,100.0,0,0,0
39.5,0.0,0.0,0,0,0
28.77,0.0,0.0,0,0,0
29.08,33.33,100.0,0,0,0
24.85,0.0,100.0,0,0,0
24.17,0.0,100.0,0,0,0
31.6,0.0,100.0,0,0,0
39.56,25.0,100.0,0,0,0
19.24,0.0,0.0,0,0,0
32.2,50.0,0.0,0,0,0
24.99,0.0,100.0,0,0,0
19.81,0.0,0.0,0,0,0
21.71,0.0,0.0,0,0,0
32.77,0.0,0.0,0,0,0
23.24,0.0,0.0,0,0,0
30.03,0.0,100.0,0,0,0
33.44,25.0,0.0,0,0,0
29.94,0.0,0.0,0,0,0
23.15,0.0,0.0,0,0,0
21.34,0.0,0.0,0,0,0
33.22,0.0,0.0,0,0,0
21.84,0.0,0.0,0,0,0
29.7,33.33,0.0,0,0,0
8.99,0.0,0.0,0,0,0
12.9,0.0,100.0,0,0,0
29.12,0.0,0.0,0,0,0
25.83,0.0,0.0,0,0,0
40.01,0.0,100.0,0,0,0
34.9,12.5,100.0,0,0,0
19.67,0.0,100.0,0,0,0
24.7,50.0,100.0,0,0,0
23.34,0.0,100.0,0,0,0
9.3,50.0,0.0,0,0,0
44.63,0.0,0.0,0,0,0
41.52,0.0,100.0,0,0,0
34.75,0.0,100.0,0,0,0
22.94,33.33,100.0,0,0,0
3.2,0.0,0.0,0,0,0
41.94,0.0,0.0,0,0,0
24.27,33.33,0.0,0,0,0
20.95,0.0,0.0,0,0,0
22.73,0.0,100.0,0,0,0
35.2,0.0,100.0,0,0,0
16.97,0.0,100.0,0,0,0
23.36,0.0,100.0,0,0,0
26.0,0.0,100.0,0,0,0
27.71,33.33,100.0,0,0,0
29.4,50.0,0.0,0,0,0
29.15,0.0,100.0,0,0,0
22.77,0.0,0.0,0,0,0
57.85,0.0,100.0,0,0,0
6.69,0.0,0.0,0,0,0
25.32,0.0,100.0,0,0,0
28.38,50.0,100.0,0,0,0
18.51,0.0,0.0,0,0,0
20.31,0.0,100.0,0,0,0
45.29,0.0,0.0,0,0,0
27.36,0.0,0.0,0,0,0
24.17,0.0,100.0,0,0,0
28.36,0.0,0.0,0,0,0
16.05,0.0,0.0,0,0,0
41.55,66.67,0.0,0,0,0
22.56,0.0,0.0,0,0,0
21.05,12.5,0.0,0,0,0
13.99,0.0,0.0,0,0,0
21.58,12.5,100.0,0,0,0
11.76,0.0,0.0,0,0,0
26.41,0.0,0.0,0,0,0
18.91,0.0,100.0,0,0,0
19.05,0.0,0.0,0,0,0
25.83,0.0,0.0,0,0,0
12.17,0.0,0.0,0,0,0
33.41,0.0,0.0,0,0,0
25.25,0.0,0.0,0,0,0
22.12,0.0,100.0,0,0,0
38.99,0.0,100.0,0,0,0
20.38,0.0,100.0,0,0,0
30.3,0.0,0.0,0,0,0
36.85,25.0,0.0,0,0,0
20.56,0.0,0.0,0,0,0
20.44,0.0,0.0,0,0,0
17.68,0.0,0.0,0,0,0
31.47,0.0,100.0,0,0,0
30.29,25.0,100.0,0,0,0
30.54,0.0,0.0,0,0,0
31.57,33.33,100.0,0,0,0
13.97,0.0,0.0,0,0,0
13.61,0.0,0.0,0,0,0
29.53,0.0,0.0,0,0,0
19.3,0.0,0.0,0,0,0
31.21,0.0,100.0,0,0,0
23.22,0.0,100.0,0,0,0
32.62,0.0,0.0,0,0,0
18.9,0.0,0.0,0,0,0
32.07,0.0,0.0,0,0,0
15.64,50.0,100.0,0,0,0
38.64,0.0,0.0,0,0,0
24.94,100.0,100.0,0,0,0
18.29,0.0,100.0,0,0,0
21.29,66.67,0.0,0,0,0
23.13,0.0,100.0,0,0,0
26.78,0.0,0.0,0,0,0
31.97,0.0,100.0,0,0,0
16.51,0.0,100.0,0,0,0
23.75,0.0,0.0,0,0,0
21.92,0.0,0.0,0,0,0
22.72,0.0,100.0,0,0,0
5.35,0.0,0.0,0,0,0
30.16,0.0,0.0,0,0,0
32.47,25.0,100.0,0,0,0
14.24,0.0,0.0,0,0,0
1.85,0.0,0.0,0,0,0
27.16,0.0,0.0,0,0,0
30.87,0.0,0.0,0,0,0
21.98,0.0,0.0,0,0,0
32.23,33.33,100.0,0,0,0
10.87,33.33,0.0,0,0,0
-0.02,0.0,0.0,0,0,0
13.5,33.33,100.0,0,0,0
17.55,0.0,100.0,0,0,0
21.48,0.0,0.0,0,0,0
23.08,0.0,100.0,0,0,0
15.0,0.0,0.0,0,0,0
13.24,0.0,0.0,0,0,0
23.05,0.0,0.0,0,0,0
17.61,0.0,0.0,0,0,0
34.23,0.0,0.0,0,0,0
23.64,0.0,100.0,0,0,0
7.68,0.0,0.0,0,0,0
18.11,0.0,0.0,0,0,0
34.36,0.0,0.0,0,0,0
37.08,0.0,0.0,0,0,0
26.21,0.0,0.0,0,0,0
24.62,0.0,0.0,0,0,0
22.92,50.0,0.0,0,0,0
22.55,0.0,100.0,0,0,0
23.22,0.0,0.0,0,0,0
31.8,0.0,0.0,0,0,0
20.89,0.0,0.0,0,0,0
14.37,0.0,0.0,0,0,0
17.45,33.33,0.0,0,0,0
16.15,0.0,0.0,0,0,0
24.93,0.0,0.0,0,0,0
24.61,0.0,0.0,0,0,0
25.37,0.0,100.0,0,0,0
31.25,0.0,0.0,0,0,0
17.25,0.0,0.0,0,0,0
11.97,0.0,0.0,0,0,0
21.82,0.0,0.0,0,0,0
13.48,0.0,0.0,0,0,0
27.58,0.0,0.0,0,0,0
11.86,0.0,0.0,0,0,0
26.89,0.0,100.0,0,0,0
17.57,0.0,0.0,0,0,0
7.48,0.0,0.0,0,0,0
10.38,0.0,100.0,0,0,0
15.54,0.0,0.0,0,0,0
29.18,0.0,0.0,0,0,0
29.64,0.0,0.0,0,0,0
23.48,0.0,100.0,0,0,0
24.17,0.0,100.0,0,0,0
27.97,0.0,100.0,0,0,0
30.77,0.0,0.0,0,0,0
21.91,0.0,100.0,0,0,0
23.16,12.5,0.0,0,0,0
20.18,0.0,100.0,0,0,0
35.51,0.0,0.0,0,0,0
23.89,0.0,0.0,0,0,0
17.01,50.0,100.0,0,0,0
18.52,33.33,0.0,0,0,0
20.45,0.0,0.0,0,0,0
16.5,0.0,0.0,0,0,0
15.15,0.0,0.0,0,0,0
35.9,100.0,0.0,0,0,0
7.62,33.33,100.0,0,0,0
28.6,0.0,100.0,0,0,0
24.32,100.0,100.0,0,0,0
18.6,0.0,100.0,0,0,0
27.21,0.0,100.0,0,0,0
20.56,0.0,0.0,0,0,0
33.39,0.0,100.0,0,0,0
8.4,0.0,0.0,0,0,0
24.58,0.0,0.0,0,0,0
21.36,0.0,0.0,0,0,0
15.67,33.33,0.0,0,0,0
9.16,0.0,100.0,0,0,0
23.0,0.0,100.0,0,0,0
-1.19,0.0,0.0,0,0,0
23.11,0.0,0.0,0,0,0
10.18,0.0,0.0,0,0,0
19.32,0.0,0.0,0,0,0
8.48,0.0,0.0,0,0,0
26.56,0.0,100.0,0,0,0
24.77,0.0,0.0,0,0,0
31.16,12.5,0.0,0,0,0
43.71,12.5,0.0,0,0,0
9.91,0.0,0.0,0,0,0
21.33,50.0,0.0,0,0,0
22.81,0.0,0.0,0,0,0
11.35,33.33,0.0,0,0,0
26.7,0.0,100.0,0,0,0
39.85,0.0,0.0,0,0,0
11.1,0.0,0.0,0,0,0
19.59,0.0,100.0,0,0,0
14.24,0.0,100.0,0,0,0
22.6,0.0,0.0,0,0,0
32.38,0.0,0.0,0,0,0
9.18,0.0,0.0,0,0,0
29.99,12.5,0.0,0,0,0
27.79,0.0,100.0,0,0,0
15.39,0.0,100.0,0,0,0
28.03,0.0,0.0,0,0,0
21.08,0.0,0.0,0,0,0
7.78,0.0,0.0,0,0,0
7.18,0.0,0.0,0,0,0
18.9,0.0,100.0,0,0,0
15.49,25.0,0.0,0,0,0
17.24,0.0,0.0,0,0,0
11.51,0.0,0.0,0,0,0
18.26,50.0,100.0,0,0,0
21.28,0.0,100.0,0,0,0
17.7,0.0,100.0,0,0,0
29.18,0.0,0.0,0,0,0
27.96,0.0,0.0,0,0,0
21.94,0.0,0.0,0,0,0
38.85,0.0,0.0,0,0,0
17.85,0.0,0.0,0,0,0
3.78,0.0,0.0,0,0,0
7.65,0.0,0.0,0,0,0
9.57,0.0,100.0,0,0,0
10.88,0.0,0.0,0,0,0
27.35,0.0,100.0,0,0,0
9.87,0.0,0.0,0,0,0
23.69,0.0,0.0,0,0,0
29.35,0.0,0.0,0,0,0
19.93,0.0,0.0,0,0,0
11.94,50.0,0.0,0,0,0
13.64,0.0,0.0,0,0,0
27.63,0.0,0.0,0,0,0
19.6,0.0,100.0,0,0,0
17.03,0.0,0.0,0,0,0
33.18,0.0,0.0,0,0,0
33.93,12.5,0.0,0,0,0
25.03,0.0,0.0,0,0,0
17.36,0.0,0.0,0,0,0
24.27,0.0,100.0,0,0,0
23.26,33.33,0.0,0,0,0
10.27,33.33,0.0,0,0,0
13.32,0.0,100.0,0,0,0
24.18,0.0,0.0,0,0,0
19.25,0.0,0.0,0,0,0
12.22,0.0,100.0,0,0,0
37.36,0.0,100.0,0,0,0
28.02,0.0,100.0,0,0,0
24.55,0.0,100.0,0,0,0
35.21,0.0,0.0,0,0,0
30.9,33.33,100.0,0,0,0
25.45,0.0,0.0,0,0,0
18.18,0.0,0.0,0,0,0
20.49,0.0,100.0,0,0,0
15.64,0.0,100.0,0,0,0
15.72,0.0,0.0,0,0,0
25.25,0.0,0.0,0,0,0
12.25,0.0,100.0,0,0,0
18.47,0.0,0.0,0,0,0
24.86,0.0,0.0,0,0,0
10.97,0.0,0.0,0,0,0
15.49,0.0,0.0,0,0,0
13.43,0.0,0.0,0,0,0
21.8,0.0,0.0,0,0,0
9.12,0.0,0.0,0,0,0
28.29,0.0,100.0,0,0,0
21.0,0.0,0.0,0,0,0
29.25,0.0,0.0,0,0,0
22.73,33.33,0.0,0,0,0
35.34,0.0,100.0,0,0,0
14.01,33.33,100.0,0,0,0
25.65,0.0,0.0,0,0,0
18.45,0.0,100.0,0,0,0
15.17,0.0,0.0,0,0,0
27.76,0.0,0.0,0,0,0
20.7,0.0,0.0,0,0,0
34.83,0.0,100.0,0,0,0
22.06,0.0,0.0,0,0,0
27.28,33.33,100.0,0,0,0
15.52,0.0,0.0,0,0,0
23.14,0.0,0.0,0,0,0
10.38,0.0,0.0,0,0,0
24.62,0.0,0.0,0,0,0
20.13,0.0,0.0,0,0,0
15.08,0.0,0.0,0,0,0
-0.59,0.0,100.0,0,0,0
25.15,50.0,0.0,0,0,0
29.6,0.0,0.0,0,0,0
21.44,0.0,100.0,0,0,0
29.36,25.0,0.0,0,0,0
16.55,0.0,0.0,0,0,0
6.64,0.0,100.0,0,0,0
17.6,50.0,0.0,0,0,0
18.33,0.0,0.0,0,0,0
23.42,0.0,0.0,0,0,0
6.55,0.0,0.0,0,0,0
20.06,0.0,0.0,0,0,0
23.57,0.0,0.0,0,0,0
25.39,0.0,0.0,0,0,0
15.82,0.0,0.0,0,0,0
11.95,0.0,0.0,0,0,0
22.35,0.0,100.0,0,0,0
23.96,0.0,100.0,0,0,0
11.11,0.0,100.0,0,0,0
18.64,0.0,0.0,0,0,0
11.52,0.0,100.0,0,0,0
7.37,0.0,100.0,0,0,0
18.8,0.0,100.0,0,0,0
11.12,0.0,100.0,0,0,0
29.0,33.33,100.0,0,0,0
35.04,0.0,100.0,0,0,0
28.61,50.0,100.0,0,0,0
5.53,0.0,0.0,0,0,0
20.72,0.0,0.0,0,0,0
20.19,0.0,0.0,0,0,0
18.09,0.0,100.0,0,0,0
25.61,0.0,100.0,0,0,0
11.06,0.0,0.0,0,0,0
26.67,0.0,100.0,0,0,0
25.83,0.0,0.0,0,0,0
6.53,0.0,0.0,0,0,0
19.74,0.0,100.0,0,0,0
26.64,0.0,100.0,0,0,0
2.46,0.0,0.0,0,0,0
24.61,0.0,100.0,0,0,0
16.96,0.0,0.0,0,0,0
21.51,0.0,100.0,0,0,0
36.52,0.0,0.0,0,0,0
21.68,0.0,100.0,0,0,0
2.36,0.0,0.0,0,0,0
14.31,0.0,0.0,0,0,0
15.56,0.0,0.0,0,0,0
12.69,50.0,100.0,0,0,0
18.27,0.0,100.0,0,0,0
9.6,0.0,100.0,0,0,0
38.18,33.33,0.0,0,0,0
14.78,0.0,100.0,0,0,0
30.44,0.0,100.0,0,0,0
19.9,33.33,100.0,0,0,0
26.89,50.0,100.0,0,0,0
10.46,0.0,100.0,0,0,0
18.41,0.0,0.0,0,0,0
38.06,0.0,100.0,0,0,0
16.22,50.0,0.0,0,0,0
15.5,0.0,100.0,0,0,0
18.86,0.0,100.0,0,0,0
16.71,0.0,0.0,0,0,0
20.14,33.33,100.0,0,0,0
20.85,0.0,100.0,0,0,0
15.93,0.0,0.0,0,0,0
26.26,0.0,100.0,0,0,0
12.27,0.0,0.0,0,0,0
24.55,0.0,0.0,0,0,0
17.17,0.0,0.0,0,0,0
7.29,0.0,0.0,0,0,0
5.59,0.0,100.0,0,0,0
27.77,0.0,0.0,0,0,0
16.51,0.0,100.0,0,0,0
9.35,0.0,0.0,0,0,0
22.38,0.0,0.0,0,0,0
10.89,0.0,100.0,0,0,0
25.41,0.0,100.0,0,0,0
20.76,50.0,100.0,0,0,0
31.83,33.33,100.0,0,0,0
15.91,0.0,100.0,0,0,0
34.88,0.0,100.0,0,0,0
17.51,0.0,100.0,0,0,0
11.66,0.0,0.0,0,0,0
27.09,0.0,100.0,0,0,0
19.36,0.0,0.0,0,0,0
18.59,0.0,100.0,0,0,0
13.4,0.0,100.0,0,0,0
23.93,0.0,0.0,0,0,0
12.46,0.0,0.0,0,0,0
21.94,0.0,100.0,0,0,0
14.89,0.0,0.0,0,0,0
9.38,0.0,100.0,0,0,0
35.19,0.0,0.0,0,0,0
14.94,50.0,0.0,0,0,0
22.59,12.5,0.0,0,0,0
6.05,66.67,0.0,0,0,0
8.51,0.0,0.0,0,0,0
31.1,33.33,0.0,0,0,0
18.53,0.0,100.0,0,0,0
12.25,0.0,0.0,0,0,0
25.07,33.33,100.0,0,0,0
26.62,0.0,0.0,0,0,0
22.64,0.0,100.0,0,0,0
20.03,50.0,0.0,0,0,0
16.78,0.0,0.0,0,0,0
18.07,0.0,100.0,0,0,0
27.43,0.0,100.0,0,0,0
31.82,0.0,100.0,0,0,0
27.84,0.0,0.0,0,0,0
15.81,0.0,0.0,0,0,0
23.76,0.0,0.0,0,0,0
10.17,0.0,0.0,0,0,0
26.16,0.0,100.0,0,0,0
11.41,0.0,100.0,0,0,0
24.09,0.0,0.0,0,0,0
8.43,0.0,100.0,0,0,0
5.99,0.0,0.0,0,0,0
20.3,33.33,0.0,0,0,0
27.1,33.33,100.0,0,0,0
15.76,0.0,0.0,0,0,0
11.48,0.0,100.0,0,0,0
9.77,0.0,100.0,0,0,0
16.17,0.0,100.0,0,0,0
14.88,0.0,0.0,0,0,0
29.68,0.0,100.0,0,0,0
30.87,0.0,100.0,0,0,0
29.88,0.0,100.0,0,0,0
22.36,0.0,0.0,0,0,0
16.91,33.33,0.0,0,0,0
18.09,0.0,0.0,0,0,0
26.99,0.0,0.0,0,0,0
20.87,0.0,0.0,0,0,0
29.49,50.0,100.0,0,0,0
7.34,0.0,0.0,0,0,0
28.83,0.0,0.0,0,0,0
24.89,0.0,100.0,0,0,0
10.12,0.0,0.0,0,0,0
40.96,0.0,0.0,0,0,1
17.47,0.0,0.0,0,0,0
51.12,66.67,100.0,0,0,1
19.8,12.5,100.0,0,0,0
37.11,0.0,0.0,0,0,1
16.18,0.0,0.0,0,0,0
44.81,33.33,0.0,0,0,1
17.76,0.0,0.0,0,0,0
49.21,33.33,0.0,0,0,1
31.02,0.0,0.0,0,0,0
41.78,33.33,0.0,0,0,1
25.17,0.0,0.0,0,0,0
27.89,0.0,100.0,0,0,1
3.15,0.0,100.0,0,0,0
41.45,66.67,100.0,0,0,1
18.3,0.0,100.0,0,0,0
42.49,33.33,0.0,0,0,1
19.99,0.0,0.0,0,0,0
30.32,33.33,100.0,0,0,1
14.0,0.0,100.0,0,0,0
41.05,0.0,100.0,0,0,1
20.85,0.0,100.0,0,0,0
45.3,0.0,100.0,0,0,1
14.48,0.0,100.0,0,0,0
34.49,33.33,0.0,0,0,1
31.92,50.0,0.0,0,0,0
26.79,33.33,100.0,0,0,1
8.24,0.0,100.0,0,0,0
49.28,0.0,0.0,0,0,1
22.15,0.0,0.0,0,0,0
48.31,0.0,0.0,0,0,1
50.3,0.0,0.0,0,0,0
30.74,33.33,0.0,0,0,1
27.49,50.0,0.0,0,0,0
40.7,0.0,0.0,0,0,1
29.59,0.0,0.0,0,0,0
47.78,33.33,0.0,0,0,1
29.05,0.0,0.0,0,0,0
43.17,0.0,100.0,0,0,1
19.52,0.0,100.0,0,0,0
38.28,33.33,0.0,0,0,1
23.05,0.0,0.0,0,0,0
50.06,33.33,0.0,0,0,1
25.09,0.0,0.0,0,0,0
38.27,33.33,100.0,0,0,1
21.08,0.0,100.0,0,0,0
37.87,0.0,100.0,0,0,1
32.05,0.0,100.0,0,0,0
28.74,0.0,100.0,0,0,1
26.87,0.0,100.0,0,0,0
31.02,0.0,100.0,0,0,1
14.13,0.0,100.0,0,0,0
41.6,33.33,100.0,0,0,1
29.38,0.0,100.0,0,0,0
41.64,33.33,100.0,0,0,1
21.19,0.0,100.0,0,0,0
45.65,33.33,0.0,0,0,1
19.08,0.0,0.0,0,0,0
33.98,0.0,0.0,0,0,1
19.04,0.0,0.0,0,0,0
34.33,33.33,0.0,0,0,1
39.92,0.0,0.0,0,0,0
45.37,33.33,0.0,0,0,1
45.2,50.0,0.0,0,0,0
24.0,0.0,0.0,0,0,1
28.89,0.0,0.0,0,0,0
29.66,0.0,0.0,0,0,1
15.11,0.0,0.0,0,0,0
38.56,33.33,100.0,0,0,1
8.82,0.0,100.0,0,0,0
36.9,33.33,100.0,0,0,1
35.01,50.0,100.0,0,0,0
45.23,66.67,0.0,0,0,1
26.16,0.0,0.0,0,0,0
25.76,33.33,0.0,0,0,1
19.82,0.0,0.0,0,0,0
35.36,33.33,100.0,0,0,1
11.7,0.0,100.0,0,0,0
36.35,0.0,100.0,0,0,1
20.49,0.0,100.0,0,0,0
51.75,33.33,100.0,0,0,1
29.21,0.0,100.0,0,0,0
31.97,33.33,0.0,0,0,1
21.42,0.0,0.0,0,0,0
45.09,0.0,0.0,0,0,1
26.3,0.0,0.0,0,0,0
44.7,0.0,100.0,0,0,1
13.58,0.0,100.0,0,0,0
26.72,0.0,0.0,0,0,1
19.29,0.0,0.0,0,0,0
28.12,0.0,0.0,0,0,1
6.7,0.0,0.0,0,0,0
42.41,0.0,100.0,0,0,1
19.36,0.0,100.0,0,0,0
41.41,33.33,0.0,0,0,1
34.11,50.0,0.0,0,0,0
48.36,33.33,0.0,0,0,1
22.12,0.0,0.0,0,0,0
58.53,33.33,100.0,0,0,1
29.44,0.0,100.0,0,0,0
52.52,66.67,100.0,0,0,1
20.41,0.0,100.0,0,0,0
34.15,0.0,0.0,0,0,1
13.07,0.0,0.0,0,0,0
35.73,0.0,0.0,0,0,1
16.82,0.0,0.0,0,0,0
37.17,33.33,0.0,0,0,1
12.21,0.0,0.0,0,0,0
43.7,0.0,0.0,0,0,1
16.13,0.0,0.0,0,0,0
31.83,33.33,0.0,0,0,1
45.87,0.0,0.0,0,0,0
42.35,66.67,0.0,0,0,1
32.2,0.0,0.0,0,0,0
35.46,33.33,0.0,0,0,1
26.65,50.0,0.0,0,0,0
34.96,33.33,0.0,0,0,1
28.94,0.0,0.0,0,0,0
38.11,33.33,0.0,0,0,1
12.2,0.0,0.0,0,0,0
44.85,0.0,0.0,0,0,1
35.86,0.0,0.0,0,0,0
32.71,0.0,0.0,0,0,1
24.05,0.0,0.0,0,0,0
50.63,0.0,100.0,0,0,1
9.96,0.0,100.0,0,0,0
32.83,33.33,0.0,0,0,1
12.97,0.0,0.0,0,0,0
40.8,0.0,0.0,0,0,1
20.26,0.0,0.0,0,0,0
34.47,33.33,100.0,0,0,1
25.96,0.0,100.0,0,0,0
42.11,33.33,0.0,0,0,1
32.93,50.0,0.0,0,0,0
35.49,33.33,100.0,0,0,1
8.5,0.0,100.0,0,0,0
41.6,33.33,100.0,0,0,1
17.83,0.0,100.0,0,0,0
46.17,33.33,100.0,0,0,1
45.26,50.0,100.0,0,0,0
44.29,0.0,0.0,0,0,1
26.69,0.0,0.0,0,0,0
18.97,0.0,0.0,0,0,1
23.59,0.0,0.0,0,0,0
43.76,0.0,0.0,0,0,1
34.13,0.0,0.0,0,0,0
35.13,0.0,100.0,0,0,1
32.42,0.0,100.0,0,0,0
31.96,0.0,0.0,0,0,1
34.61,0.0,0.0,0,0,0
48.92,33.33,100.0,0,0,1
31.94,0.0,100.0,0,0,0
38.01,0.0,100.0,0,0,1
29.27,0.0,100.0,0,0,0
26.25,0.0,0.0,0,0,1
14.86,0.0,0.0,0,0,0
47.97,33.33,0.0,0,0,1
28.84,0.0,0.0,0,0,0
35.52,0.0,0.0,0,0,1
38.68,0.0,0.0,0,0,0
40.41,0.0,0.0,0,0,1
32.42,0.0,0.0,0,0,0
27.52,33.33,100.0,0,0,1
10.08,0.0,100.0,0,0,0
41.31,33.33,0.0,0,0,1
24.86,0.0,0.0,0,0,0
47.15,0.0,100.0,0,0,1
24.84,0.0,100.0,0,0,0
44.04,33.33,100.0,0,0,1
34.19,0.0,100.0,0,0,0
29.23,33.33,100.0,0,0,1
18.98,0.0,100.0,0,0,0
41.17,33.33,0.0,0,0,1
34.43,50.0,0.0,0,0,0
44.52,0.0,0.0,0,0,1
12.84,0.0,0.0,0,0,0
37.3,33.33,0.0,0,0,1
35.32,50.0,0.0,0,0,0
52.9,0.0,0.0,0,0,1
49.99,0.0,0.0,0,0,0
38.88,0.0,100.0,0,0,1
12.55,0.0,100.0,0,0,0
41.64,33.33,100.0,0,0,1
17.29,0.0,100.0,0,0,0
36.92,33.33,0.0,0,0,1
17.5,0.0,0.0,0,0,0
49.22,0.0,100.0,0,0,1
22.08,0.0,100.0,0,0,0
37.12,0.0,0.0,0,0,1
29.07,0.0,0.0,0,0,0
32.79,0.0,100.0,0,0,1
37.56,0.0,100.0,0,0,0
50.25,0.0,100.0,0,0,1
36.5,0.0,100.0,0,0,0
41.43,33.33,0.0,0,0,1
27.25,50.0,0.0,0,0,0
21.39,0.0,0.0,0,0,1
11.41,0.0,0.0,0,0,0
44.01,33.33,100.0,0,0,1
9.54,12.5,100.0,0,0,0
41.43,33.33,0.0,0,0,1
22.39,0.0,0.0,0,0,0
42.98,33.33,0.0,0,0,1
23.66,0.0,0.0,0,0,0
34.96,33.33,0.0,0,0,1
34.36,0.0,0.0,0,0,0
40.06,33.33,0.0,0,0,1
28.55,0.0,0.0,0,0,0
32.79,0.0,100.0,0,0,1
15.43,0.0,100.0,0,0,0
39.29,33.33,0.0,0,0,1
19.03,0.0,0.0,0,0,0
34.33,33.33,100.0,0,0,1
20.1,0.0,100.0,0,0,0
50.56,33.33,100.0,0,0,1
30.12,0.0,100.0,0,0,0
37.25,33.33,100.0,0,0,1
20.96,0.0,100.0,0,0,0
26.3,33.33,100.0,0,0,1
14.94,0.0,100.0,0,0,0
33.99,0.0,0.0,0,0,1
19.78,0.0,0.0,0,0,0
26.01,0.0,100.0,0,0,1
23.5,0.0,100.0,0,0,0
31.07,0.0,100.0,0,0,1
4.16,0.0,100.0,0,0,0
26.29,33.33,0.0,0,0,1
28.16,0.0,0.0,0,0,0
37.02,0.0,0.0,0,0,1
36.72,0.0,0.0,0,0,0
33.91,0.0,0.0,0,0,1
24.96,0.0,0.0,0,0,0
37.47,0.0,100.0,0,0,1
27.48,0.0,100.0,0,0,0
33.72,0.0,0.0,0,0,1
7.55,0.0,0.0,0,0,0
4.75,0.0,0.0,0,0,0
11.75,50.0,0.0,0,0,0
10.84,0.0,100.0,0,0,0
31.0,0.0,0.0,0,0,0
23.21,0.0,0.0,0,0,0
21.91,0.0,0.0,0,0,0
34.91,0.0,0.0,0,0,0
10.58,0.0,0.0,0,0,0
8.61,33.33,100.0,0,0,0
9.96,0.0,0.0,0,0,0
13.59,0.0,0.0,0,0,0
28.48,0.0,0.0,0,0,0
31.45,0.0,100.0,0,0,0
8.31,0.0,0.0,0,0,0
28.3,0.0,0.0,0,0,0
31.03,0.0,0.0,0,0,0
22.89,0.0,0.0,0,0,0
22.05,0.0,0.0,0,0,0
28.43,0.0,0.0,0,0,0
14.2,50.0,100.0,0,0,0
30.18,0.0,0.0,0,0,0
28.39,0.0,0.0,0,0,0
35.87,0.0,0.0,0,0,0
14.49,0.0,0.0,0,0,0
26.51,0.0,100.0,0,0,0
23.4,50.0,0.0,0,0,0
24.78,0.0,0.0,0,0,0
19.31,0.0,0.0,0,0,0
18.27,0.0,0.0,0,0,0
15.21,0.0,0.0,0,0,0
27.26,0.0,0.0,0,0,0
26.42,0.0,0.0,0,0,0
20.08,0.0,0.0,0,0,0
18.66,0.0,0.0,0,0,0
33.57,0.0,0.0,0,0,0
9.91,0.0,0.0,0,0,0
10.86,33.33,0.0,0,0,0
28.56,0.0,0.0,0,0,0
13.24,0.0,0.0,0,0,0
14.33,33.33,0.0,0,0,0
24.99,0.0,100.0,0,0,0
38.63,0.0,100.0,0,0,0
22.05,0.0,100.0,0,0,0
19.63,33.33,100.0,0,0,0
14.9,0.0,100.0,0,0,0
11.03,0.0,0.0,0,0,0
22.05,33.33,100.0,0,0,0
30.86,0.0,100.0,0,0,0
26.26,100.0,100.0,0,0,0
10.87,0.0,100.0,0,0,0
45.78,0.0,0.0,0,0,0
27.72,0.0,0.0,0,0,0
15.95,33.33,100.0,0,0,0
19.14,0.0,100.0,0,0,0
20.79,0.0,0.0,0,0,0
20.3,0.0,100.0,0,0,0
32.18,0.0,100.0,0,0,0
17.23,0.0,0.0,0,0,0
25.05,0.0,0.0,0,0,0
25.2,0.0,0.0,0,0,0
25.8,0.0,0.0,0,0,0
11.27,0.0,100.0,0,0,0
12.99,0.0,0.0,0,0,0
40.79,0.0,100.0,0,0,0
20.39,0.0,0.0,0,0,0
14.39,0.0,100.0,0,0,0
30.52,50.0,100.0,0,0,0
2.2,0.0,0.0,0,0,0
11.48,0.0,100.0,0,0,0
12.77,50.0,0.0,0,0,0
3.51,0.0,100.0,0,0,0
36.79,0.0,100.0,0,0,0
7.34,0.0,0.0,0,0,0
19.3,0.0,0.0,0,0,0
16.19,0.0,100.0,0,0,0
29.89,0.0,0.0,0,0,0
12.21,0.0,100.0,0,0,0
8.98,0.0,0.0,0,0,0
11.83,0.0,100.0,0,0,0
22.79,0.0,0.0,0,0,0
12.2,0.0,0.0,0,0,0
24.64,0.0,0.0,0,0,0
25.05,0.0,100.0,0,0,0
28.09,0.0,100.0,0,0,0
21.5,0.0,0.0,0,0,0
7.47,0.0,100.0,0,0,0
32.61,0.0,100.0,0,0,0
30.13,0.0,100.0,0,0,0
12.26,0.0,100.0,0,0,0
8.75,0.0,0.0,0,0,0
36.61,0.0,100.0,0,0,0
6.44,0.0,0.0,0,0,0
35.02,0.0,0.0,0,0,0
14.73,0.0,0.0,0,0,0
22.63,0.0,100.0,0,0,0
5.89,0.0,100.0,0,0,0
36.66,0.0,0.0,0,0,0
2.03,0.0,0.0,0,0,0
12.89,0.0,100.0,0,0,0
13.95,0.0,100.0,0,0,0
15.95,0.0,100.0,0,0,0
45.3,0.0,100.0,0,0,0
22.07,0.0,0.0,0,0,0
18.88,0.0,0.0,0,0,0
9.85,0.0,0.0,0,0,0
11.74,0.0,0.0,0,0,0
6.43,0.0,0.0,0,0,0
13.99,0.0,0.0,0,0,0
12.65,0.0,0.0,0,0,0
18.52,0.0,100.0,0,0,0
7.61,0.0,0.0,0,0,0
4.9,0.0,0.0,0,0,0
17.26,50.0,0.0,0,0,0
24.33,0.0,0.0,0,0,0
23.54,0.0,100.0,0,0,0
11.88,0.0,0.0,0,0,0
10.84,33.33,100.0,0,0,0
17.95,50.0,100.0,0,0,0
11.36,0.0,0.0,0,0,0
26.95,33.33,100.0,0,0,0
22.41,0.0,0.0,0,0,0
16.82,0.0,0.0,0,0,0
23.08,50.0,0.0,0,0,0
28.79,33.33,0.0,0,0,0
19.66,0.0,100.0,0,0,0
22.65,0.0,0.0,0,0,0
18.22,0.0,0.0,0,0,0
31.97,0.0,0.0,0,0,0
24.13,0.0,0.0,0,0,0
32.33,0.0,0.0,0,0,0
18.46,33.33,0.0,0,0,0
10.69,0.0,0.0,0,0,0
34.24,0.0,0.0,0,0,0
32.72,25.0,100.0,0,0,0
20.05,0.0,100.0,0,0,0
29.09,0.0,100.0,0,0,0
18.89,0.0,100.0,0,0,0
13.46,0.0,100.0,0,0,0
26.02,0.0,100.0,0,0,0
18.25,0.0,0.0,0,0,0
16.9,0.0,100.0,0,0,0
29.88,0.0,100.0,0,0,0
11.4,0.0,100.0,0,0,0
16.08,0.0,0.0,0,0,0
16.31,0.0,0.0,0,0,0
14.42,0.0,100.0,0,0,0
20.84,0.0,0.0,0,0,0
23.78,0.0,0.0,0,0,0
16.67,0.0,100.0,0,0,0
27.99,0.0,0.0,0,0,0
31.91,12.5,100.0,0,0,0
26.06,0.0,0.0,0,0,0
29.63,0.0,0.0,0,0,0
12.13,0.0,100.0,0,0,0
16.87,0.0,0.0,0,0,0
22.8,0.0,0.0,0,0,0
22.89,0.0,0.0,0,0,0
29.05,0.0,0.0,0,0,0
24.1,0.0,0.0,0,0,0
27.79,0.0,100.0,0,0,0
16.38,33.33,0.0,0,0,0
8.62,0.0,100.0,0,0,0
22.13,0.0,100.0,0,0,0
32.65,0.0,0.0,0,0,0
35.05,0.0,100.0,0,0,0
29.36,50.0,0.0,0,0,0
28.29,0.0,0.0,0,0,0
13.4,0.0,0.0,0,0,0
28.02,50.0,100.0,0,0,0
32.87,0.0,0.0,0,0,0
15.9,0.0,0.0,0,0,0
15.15,50.0,100.0,0,0,0
27.95,0.0,0.0,0,0,0
33.21,0.0,100.0,0,0,0
25.91,0.0,100.0,0,0,0
14.51,0.0,100.0,0,0,0
35.71,0.0,0.0,0,0,0
26.45,0.0,0.0,0,0,0
13.21,0.0,0.0,0,0,0
45.78,33.33,0.0,0,0,0
27.61,0.0,0.0,0,0,0
18.71,0.0,0.0,0,0,0
31.85,0.0,100.0,0,0,0
21.23,0.0,0.0,0,0,0
18.69,0.0,0.0,0,0,0
25.0,0.0,100.0,0,0,0
24.28,0.0,0.0,0,0,0
19.9,0.0,0.0,0,0,0
23.08,0.0,0.0,0,0,0
26.95,0.0,100.0,0,0,0
5.27,0.0,100.0,0,0,0
30.63,50.0,0.0,0,0,0
38.98,50.0,0.0,0,0,0
39.77,0.0,100.0,0,0,0
13.74,0.0,100.0,0,0,0
27.43,0.0,100.0,0,0,0
28.32,0.0,0.0,0,0,0
19.08,0.0,0.0,0,0,0
19.04,0.0,100.0,0,0,0
3.81,0.0,100.0,0,0,0
24.07,0.0,0.0,0,0,0
19.78,0.0,0.0,0,0,0
25.36,0.0,100.0,0,0,0
33.63,0.0,100.0,0,0,0
35.51,0.0,100.0,0,0,0
24.58,0.0,100.0,0,0,0
18.85,50.0,0.0,0,0,0
22.07,33.33,100.0,0,0,0
6.22,0.0,0.0,0,0,0
17.5,0.0,0.0,0,0,0
13.45,0.0,100.0,0,0,0
16.78,0.0,0.0,0,0,0
26.55,0.0,0.0,0,0,0
13.86,33.33,100.0,0,0,0
26.88,0.0,0.0,0,0,0
33.34,33.33,0.0,0,0,0
35.13,50.0,100.0,0,0,0
15.7,0.0,0.0,0,0,0
25.48,0.0,0.0,0,0,0
33.22,0.0,100.0,0,0,0
16.83,0.0,0.0,0,0,0
-1.08,0.0,0.0,0,0,0
20.61,0.0,100.0,0,0,0
19.9,0.0,0.0,0,0,0
31.76,0.0,0.0,0,0,0
15.25,0.0,100.0,0,0,0
25.24,33.33,100.0,0,0,0
20.23,0.0,0.0,0,0,0
39.26,0.0,0.0,0,0,0
25.91,0.0,0.0,0,0,0
21.65,33.33,100.0,0,0,0
13.82,0.0,100.0,0,0,0
50.15,0.0,100.0,0,0,1
28.47,0.0,100.0,0,0,0
49.64,0.0,100.0,0,0,1
15.89,0.0,100.0,0,0,0
67.29,0.0,0.0,0,0,1
22.12,0.0,0.0,0,0,0
36.14,0.0,0.0,0,0,1
23.91,0.0,0.0,0,0,0
49.78,0.0,0.0,0,0,1
14.22,0.0,0.0,0,0,0
59.94,0.0,0.0,0,0,1
31.93,0.0,0.0,0,0,0
62.76,0.0,100.0,0,0,1
27.76,50.0,100.0,0,0,0
64.18,0.0,0.0,0,0,1
21.48,50.0,0.0,0,0,0
55.41,0.0,0.0,0,0,1
16.54,0.0,0.0,0,0,0
55.49,0.0,100.0,0,0,1
21.09,0.0,100.0,0,0,0
60.33,0.0,100.0,0,0,1
23.07,0.0,100.0,0,0,0
70.24,0.0,0.0,0,0,1
27.23,0.0,0.0,0,0,0
65.89,0.0,0.0,0,0,1
26.09,0.0,0.0,0,0,0
44.36,0.0,100.0,0,0,1
20.03,50.0,100.0,0,0,0
42.9,0.0,0.0,0,0,1
20.08,0.0,0.0,0,0,0
52.08,0.0,100.0,0,0,1
11.44,0.0,100.0,0,0,0
68.65,0.0,0.0,0,0,1
24.97,0.0,0.0,0,0,0
37.77,0.0,0.0,0,0,1
18.37,50.0,0.0,0,0,0
54.87,0.0,0.0,0,0,1
22.82,0.0,0.0,0,0,0
60.83,0.0,100.0,0,0,1
26.32,0.0,100.0,0,0,0
57.89,0.0,0.0,0,0,1
18.1,0.0,0.0,0,0,0
59.06,0.0,100.0,0,0,1
30.91,66.67,100.0,0,0,0
51.6,0.0,0.0,0,0,1
23.01,0.0,0.0,0,0,0
59.69,0.0,100.0,0,0,1
13.77,0.0,100.0,0,0,0
56.53,0.0,0.0,0,0,1
26.05,50.0,0.0,0,0,0
64.0,0.0,0.0,0,0,1
20.15,0.0,0.0,0,0,0
52.87,0.0,0.0,0,0,1
20.35,33.33,0.0,0,0,0
52.32,0.0,0.0,0,0,1
18.48,0.0,0.0,0,0,0
52.78,0.0,0.0,0,0,1
18.5,0.0,0.0,0,0,0
50.99,0.0,0.0,0,0,1
25.34,50.0,0.0,0,0,0
61.1,0.0,100.0,0,0,1
24.33,0.0,100.0,0,0,0
57.13,0.0,100.0,0,0,1
28.18,0.0,100.0,0,0,0
54.94,0.0,0.0,0,0,1
17.02,0.0,0.0,0,0,0
52.29,0.0,0.0,0,0,1
25.08,0.0,0.0,0,0,0
49.14,0.0,0.0,0,0,1
21.43,33.33,0.0,0,0,0
61.42,0.0,100.0,0,0,1
23.04,0.0,100.0,0,0,0
57.79,0.0,100.0,0,0,1
33.03,0.0,100.0,0,0,0
47.53,0.0,0.0,0,0,1
13.33,33.33,0.0,0,0,0
58.84,0.0,100.0,0,0,1
22.83,0.0,100.0,0,0,0
52.9,0.0,0.0,0,0,1
24.19,0.0,0.0,0,0,0
56.29,0.0,0.0,0,0,1
17.28,0.0,0.0,0,0,0
50.08,0.0,0.0,0,0,1
17.56,0.0,0.0,0,0,0
46.37,0.0,0.0,0,0,1
13.65,0.0,0.0,0,0,0
54.49,0.0,0.0,0,0,1
22.83,0.0,0.0,0,0,0
50.84,0.0,100.0,0,0,1
16.67,0.0,100.0,0,0,0
56.37,0.0,0.0,0,0,1
21.58,0.0,0.0,0,0,0
57.01,0.0,100.0,0,0,1
22.08,0.0,100.0,0,0,0
59.31,0.0,0.0,0,0,1
25.25,0.0,0.0,0,0,0
67.48,0.0,0.0,0,0,1
26.89,0.0,0.0,0,0,0
60.1,0.0,100.0,0,0,1
36.17,50.0,100.0,0,0,0
55.33,0.0,100.0,0,0,1
20.1,50.0,100.0,0,0,0
67.79,0.0,0.0,0,0,1
21.6,0.0,0.0,0,0,0
66.54,0.0,0.0,0,0,1
19.13,33.33,0.0,0,0,0
60.44,0.0,100.0,0,0,1
12.54,0.0,100.0,0,0,0
59.31,0.0,100.0,0,0,1
34.21,50.0,100.0,0,0,0
54.09,0.0,0.0,0,0,1
21.34,0.0,0.0,0,0,0
71.8,0.0,100.0,0,0,1
28.65,33.33,100.0,0,0,0
56.02,0.0,100.0,0,0,1
31.5,33.33,100.0,0,0,0
59.19,0.0,0.0,0,0,1
21.5,0.0,0.0,0,0,0
49.92,0.0,0.0,0,0,1
21.75,0.0,0.0,0,0,0
54.21,0.0,0.0,0,0,1
24.12,0.0,0.0,0,0,0
66.14,0.0,0.0,0,0,1
18.39,0.0,0.0,0,0,0
60.06,0.0,0.0,0,0,1
28.73,0.0,0.0,0,0,0
60.45,0.0,0.0,0,0,1
27.72,0.0,0.0,0,0,0
46.27,0.0,100.0,0,0,1
15.29,0.0,100.0,0,0,0
51.3,0.0,0.0,0,0,1
20.22,0.0,0.0,0,0,0
51.13,0.0,0.0,0,0,1
30.92,0.0,0.0,0,0,0
48.04,0.0,0.0,0,0,1
23.24,50.0,0.0,0,0,0
53.08,0.0,100.0,0,0,1
24.36,0.0,100.0,0,0,0
60.1,0.0,100.0,0,0,1
28.81,33.33,100.0,0,0,0
56.13,0.0,100.0,0,0,1
22.6,0.0,100.0,0,0,0
49.97,0.0,0.0,0,0,1
16.91,0.0,0.0,0,0,0
58.59,0.0,100.0,0,0,1
18.95,0.0,100.0,0,0,0
38.28,0.0,0.0,0,0,1
25.83,0.0,0.0,0,0,0
58.07,0.0,0.0,0,0,1
21.26,0.0,0.0,0,0,0
48.71,0.0,0.0,0,0,1
20.61,50.0,0.0,0,0,0
55.27,0.0,100.0,0,0,1
25.4,0.0,100.0,0,0,0
59.75,0.0,100.0,0,0,1
17.07,0.0,100.0,0,0,0
47.77,0.0,100.0,0,0,1
34.27,50.0,100.0,0,0,0
42.74,0.0,0.0,0,0,1
22.01,0.0,0.0,0,0,0
59.97,0.0,0.0,0,0,1
27.97,0.0,0.0,0,0,0
49.79,0.0,100.0,0,0,1
16.64,0.0,100.0,0,0,0
63.63,0.0,100.0,0,0,1
18.15,0.0,100.0,0,0,0
40.46,0.0,0.0,0,0,1
15.69,0.0,0.0,0,0,0
50.64,0.0,0.0,0,0,1
18.73,0.0,0.0,0,0,0
66.35,0.0,0.0,0,0,1
17.7,0.0,0.0,0,0,0
46.27,0.0,0.0,0,0,1
26.15,0.0,0.0,0,0,0
57.59,0.0,100.0,0,0,1
21.42,0.0,100.0,0,0,0
54.35,0.0,100.0,0,0,1
16.69,50.0,100.0,0,0,0
57.82,0.0,100.0,0,0,1
22.75,33.33,100.0,0,0,0
50.46,0.0,0.0,0,0,1
26.08,50.0,0.0,0,0,0
48.32,0.0,100.0,0,0,1
19.95,33.33,100.0,0,0,0
55.55,0.0,0.0,0,0,1
23.3,0.0,0.0,0,0,0
57.69,0.0,0.0,0,0,1
17.13,0.0,0.0,0,0,0
55.01,0.0,0.0,0,0,1
27.42,0.0,0.0,0,0,0
59.96,0.0,0.0,0,0,1
35.41,50.0,0.0,0,0,0
39.49,0.0,100.0,0,0,1
15.48,0.0,100.0,0,0,0
65.56,0.0,0.0,0,0,1
17.96,0.0,0.0,0,0,0
57.34,0.0,100.0,0,0,1
38.76,33.33,100.0,0,0,0
38.4,0.0,100.0,0,0,1
20.58,0.0,100.0,0,0,0
62.39,0.0,100.0,0,0,1
24.84,0.0,100.0,0,0,0
60.51,0.0,100.0,0,0,1
20.67,25.0,100.0,0,0,0
58.79,0.0,100.0,0,0,1
23.69,0.0,100.0,0,0,0
64.97,0.0,0.0,0,0,1
26.22,0.0,0.0,0,0,0
63.7,0.0,100.0,0,0,1
28.38,0.0,100.0,0,0,0
63.57,0.0,0.0,0,0,1
20.41,0.0,0.0,0,0,0
64.02,0.0,100.0,0,0,1
26.0,0.0,100.0,0,0,0
56.43,0.0,0.0,0,0,1
26.75,0.0,0.0,0,0,0
51.3,0.0,0.0,0,0,1
28.77,33.33,0.0,0,0,0
64.35,0.0,0.0,0,0,1
17.85,0.0,0.0,0,0,0
19.76,37.5,0.0,0,0,1
5.22,0.0,0.0,0,0,0
28.85,12.5,0.0,0,0,1
27.39,100.0,0.0,0,0,0
35.1,37.5,0.0,0,0,1
18.74,0.0,0.0,0,0,0
21.67,12.5,0.0,0,0,1
15.39,0.0,0.0,0,0,0
44.61,25.0,100.0,0,0,1
26.7,0.0,100.0,0,0,0
36.25,0.0,0.0,0,0,1
19.45,0.0,0.0,0,0,0
35.1,0.0,0.0,0,0,1
19.78,0.0,0.0,0,0,0
39.47,12.5,0.0,0,0,1
35.55,0.0,0.0,0,0,0
38.4,12.5,0.0,0,0,1
24.08,0.0,0.0,0,0,0
24.85,25.0,100.0,0,0,1
15.38,100.0,100.0,0,0,0
25.11,0.0,0.0,0,0,1
0.82,0.0,0.0,0,0,0
2.37,0.0,0.0,0,0,1
9.34,0.0,0.0,0,0,0
29.05,25.0,0.0,0,0,1
16.24,0.0,0.0,0,0,0
27.83,12.5,0.0,0,0,1
15.6,0.0,0.0,0,0,0
22.25,12.5,0.0,0,0,1
22.38,0.0,0.0,0,0,0
36.78,25.0,100.0,0,0,1
23.41,0.0,100.0,0,0,0
25.32,0.0,0.0,0,0,1
16.95,0.0,0.0,0,0,0
25.92,12.5,0.0,0,0,1
25.85,50.0,0.0,0,0,0
16.62,12.5,100.0,0,0,1
16.25,50.0,100.0,0,0,0
20.26,0.0,0.0,0,0,1
18.38,0.0,0.0,0,0,0
31.26,0.0,0.0,0,0,1
35.31,33.33,0.0,0,0,0
41.87,25.0,0.0,0,0,1
32.54,0.0,0.0,0,0,0
19.77,0.0,100.0,0,0,1
10.89,0.0,100.0,0,0,0
18.12,0.0,0.0,0,0,1
11.41,0.0,0.0,0,0,0
35.79,25.0,100.0,0,0,1
17.44,0.0,100.0,0,0,0
30.43,0.0,100.0,0,0,1
23.23,0.0,100.0,0,0,0
29.05,0.0,0.0,0,0,1
13.34,0.0,0.0,0,0,0
26.02,25.0,0.0,0,0,1
29.35,0.0,0.0,0,0,0
38.39,0.0,0.0,0,0,1
21.22,0.0,0.0,0,0,0
18.38,0.0,100.0,0,0,1
16.0,0.0,100.0,0,0,0
24.61,12.5,0.0,0,0,1
19.86,33.33,0.0,0,0,0
16.17,0.0,0.0,0,0,1
9.86,0.0,0.0,0,0,0
8.82,50.0,0.0,0,0,1
11.01,66.67,0.0,0,0,0
19.05,0.0,0.0,0,0,1
11.01,0.0,0.0,0,0,0
28.15,12.5,0.0,0,0,1
9.55,33.33,0.0,0,0,0
29.91,25.0,0.0,0,0,1
8.17,0.0,0.0,0,0,0
34.05,25.0,0.0,0,0,1
20.82,0.0,0.0,0,0,0
12.87,0.0,100.0,0,0,1
24.41,0.0,100.0,0,0,0
34.65,0.0,0.0,0,0,1
26.04,0.0,0.0,0,0,0
23.57,12.5,0.0,0,0,1
22.4,0.0,0.0,0,0,0
29.73,0.0,0.0,0,0,1
16.24,0.0,0.0,0,0,0
37.16,25.0,0.0,0,0,1
24.61,66.67,0.0,0,0,0
27.15,25.0,0.0,0,0,1
26.06,100.0,0.0,0,0,0
33.89,12.5,100.0,0,0,1
20.25,0.0,100.0,0,0,0
30.63,0.0,100.0,0,0,1
15.07,0.0,100.0,0,0,0
51.94,37.5,0.0,0,0,1
24.02,0.0,0.0,0,0,0
33.25,37.5,0.0,0,0,1
16.97,0.0,0.0,0,0,0
25.31,12.5,100.0,0,0,1
28.07,0.0,100.0,0,0,0
28.38,0.0,0.0,0,0,1
16.52,0.0,0.0,0,0,0
23.81,0.0,0.0,0,0,1
7.8,0.0,0.0,0,0,0
40.21,12.5,100.0,0,0,1
30.29,33.33,100.0,0,0,0
32.78,12.5,0.0,0,0,1
22.72,0.0,0.0,0,0,0
24.54,0.0,100.0,0,0,1
8.39,0.0,100.0,0,0,0
26.52,0.0,100.0,0,0,1
51.3,0.0,100.0,0,0,0
24.07,12.5,100.0,0,0,1
14.31,0.0,100.0,0,0,0
29.94,0.0,0.0,0,0,1
28.35,0.0,0.0,0,0,0
19.73,0.0,0.0,0,0,1
15.7,0.0,0.0,0,0,0
22.83,0.0,0.0,0,0,1
18.65,0.0,0.0,0,0,0
6.56,0.0,0.0,0,0,1
21.55,0.0,0.0,0,0,0
24.19,0.0,100.0,0,0,1
28.47,0.0,100.0,0,0,0
32.95,0.0,0.0,0,0,1
17.19,0.0,0.0,0,0,0
26.97,0.0,100.0,0,0,1
23.22,0.0,100.0,0,0,0
17.18,0.0,100.0,0,0,1
16.98,33.33,100.0,0,0,0
26.73,0.0,100.0,0,0,1
21.42,0.0,100.0,0,0,0
26.77,12.5,0.0,0,0,1
17.92,0.0,0.0,0,0,0
26.53,0.0,0.0,0,0,1
22.3,33.33,0.0,0,0,0
38.37,12.5,0.0,0,0,1
18.17,0.0,0.0,0,0,0
34.72,25.0,100.0,0,0,1
21.26,0.0,100.0,0,0,0
24.55,12.5,0.0,0,0,1
19.17,0.0,0.0,0,0,0
20.39,0.0,100.0,0,0,1
14.58,33.33,100.0,0,0,0
14.65,0.0,100.0,0,0,1
1.39,0.0,100.0,0,0,0
17.17,25.0,0.0,0,0,1
10.93,50.0,0.0,0,0,0
25.41,0.0,100.0,0,0,1
17.32,0.0,100.0,0,0,0
24.76,0.0,0.0,0,0,1
13.14,0.0,0.0,0,0,0
22.44,12.5,100.0,0,0,1
9.76,0.0,100.0,0,0,0
31.54,12.5,0.0,0,0,1
17.72,0.0,0.0,0,0,0
26.57,0.0,100.0,0,0,1
7.03,0.0,100.0,0,0,0
30.25,25.0,100.0,0,0,1
14.6,33.33,100.0,0,0,0
25.68,0.0,100.0,0,0,1
13.87,0.0,100.0,0,0,0
32.42,0.0,100.0,0,0,1
27.27,0.0,100.0,0,0,0
37.73,12.5,0.0,0,0,1
20.49,0.0,0.0,0,0,0
33.41,37.5,100.0,0,0,1
18.21,0.0,100.0,0,0,0
20.9,12.5,0.0,0,0,1
21.09,100.0,0.0,0,0,0
29.79,12.5,100.0,0,0,1
30.35,0.0,100.0,0,0,0
24.96,37.5,0.0,0,0,1
16.43,0.0,0.0,0,0,0
32.74,12.5,100.0,0,0,1
35.97,0.0,100.0,0,0,0
24.46,25.0,0.0,0,0,1
24.01,0.0,0.0,0,0,0
25.41,25.0,100.0,0,0,1
24.42,50.0,100.0,0,0,0
22.13,0.0,100.0,0,0,1
4.2,33.33,100.0,0,0,0
31.52,25.0,100.0,0,0,1
17.62,0.0,100.0,0,0,0
12.36,0.0,0.0,0,0,1
6.32,0.0,0.0,0,0,0
38.43,12.5,100.0,0,0,1
16.04,0.0,100.0,0,0,0
26.84,12.5,100.0,0,0,1
17.74,0.0,100.0,0,0,0
51.65,37.5,100.0,0,0,1
41.18,33.33,100.0,0,0,0
27.63,12.5,0.0,0,0,1
27.71,0.0,0.0,0,0,0
21.69,0.0,0.0,0,0,1
12.98,0.0,0.0,0,0,0
40.76,25.0,0.0,0,0,1
33.72,0.0,0.0,0,0,0
5.8,0.0,0.0,0,0,1
26.7,0.0,0.0,0,0,0
31.45,0.0,0.0,0,0,1
22.13,0.0,0.0,0,0,0
13.34,12.5,100.0,0,0,1
4.13,0.0,100.0,0,0,0
32.96,12.5,100.0,0,0,1
30.96,0.0,100.0,0,0,0
23.07,0.0,0.0,0,0,1
20.97,0.0,0.0,0,0,0
28.89,0.0,0.0,0,0,1
27.2,0.0,0.0,0,0,0
33.05,25.0,0.0,0,0,1
28.56,0.0,0.0,0,0,0
34.61,12.5,100.0,0,0,1
31.12,0.0,100.0,0,0,0
30.67,0.0,0.0,0,0,1
27.07,33.33,0.0,0,0,0
25.25,12.5,0.0,0,0,1
27.97,0.0,0.0,0,0,0
17.93,12.5,0.0,0,0,1
17.87,0.0,0.0,0,0,0
26.17,12.5,0.0,0,0,1
23.55,0.0,0.0,0,0,0
24.96,0.0,0.0,0,0,1
21.14,0.0,0.0,0,0,0
31.73,37.5,0.0,0,0,1
20.28,0.0,0.0,0,0,0
35.64,12.5,0.0,0,0,1
15.56,0.0,0.0,0,0,0
24.15,12.5,0.0,0,0,1
22.92,0.0,0.0,0,0,0
55.69,62.5,100.0,0,0,1
33.53,0.0,100.0,0,0,0
22.21,0.0,0.0,0,0,1
14.07,0.0,0.0,0,0,0
30.48,12.5,100.0,0,0,1
24.09,0.0,100.0,0,0,0
30.69,0.0,0.0,0,0,1
33.89,50.0,0.0,0,0,0
38.93,0.0,0.0,0,0,1
24.26,0.0,0.0,0,0,0
21.13,0.0,100.0,0,0,1
28.64,0.0,100.0,0,0,0
17.89,0.0,0.0,0,0,1
22.46,0.0,0.0,0,0,0
8.76,33.33,100.0,0,0,0
30.72,0.0,0.0,0,0,0
33.45,50.0,0.0,0,0,0
15.94,0.0,0.0,0,0,0
11.88,0.0,0.0,0,0,0
18.43,0.0,0.0,0,0,0
9.79,0.0,100.0,0,0,0
9.55,0.0,100.0,0,0,0
34.23,0.0,0.0,0,0,0
23.2,0.0,0.0,0,0,0
33.17,0.0,0.0,0,0,0
26.2,0.0,0.0,0,0,0
21.79,0.0,0.0,0,0,0
21.18,0.0,0.0,0,0,0
16.03,0.0,100.0,0,0,0
37.23,0.0,0.0,0,0,0
23.9,33.33,100.0,0,0,0
14.68,33.33,0.0,0,0,0
7.11,0.0,100.0,0,0,0
15.36,0.0,0.0,0,0,0
29.1,0.0,0.0,0,0,0
16.2,33.33,0.0,0,0,0
21.31,0.0,0.0,0,0,0
20.19,0.0,0.0,0,0,0
20.05,0.0,0.0,0,0,0
23.36,0.0,0.0,0,0,0
20.07,0.0,100.0,0,0,0
10.42,0.0,0.0,0,0,0
29.12,0.0,0.0,0,0,0
13.89,0.0,0.0,0,0,0
10.63,0.0,0.0,0,0,0
13.52,0.0,0.0,0,0,0
13.4,33.33,100.0,0,0,0
14.75,0.0,0.0,0,0,0
13.01,0.0,100.0,0,0,0
23.29,50.0,100.0,0,0,0
17.95,0.0,0.0,0,0,0
19.48,0.0,0.0,0,0,0
28.87,50.0,0.0,0,0,0
26.34,0.0,0.0,0,0,0
32.38,0.0,0.0,0,0,0
20.17,50.0,0.0,0,0,0
2.29,50.0,0.0,0,0,0
43.2,0.0,100.0,0,0,0
15.95,0.0,0.0,0,0,0
24.31,0.0,0.0,0,0,0
14.22,0.0,0.0,0,0,0
20.71,0.0,0.0,0,0,0
21.76,0.0,0.0,0,0,0
23.15,0.0,0.0,0,0,0
27.33,50.0,0.0,0,0,0
10.64,0.0,100.0,0,0,0
21.15,0.0,0.0,0,0,0
3.82,0.0,0.0,0,0,0
32.47,0.0,100.0,0,0,0
27.61,0.0,0.0,0,0,0
8.31,0.0,0.0,0,0,0
13.96,0.0,0.0,0,0,0
20.2,0.0,0.0,0,0,0
27.27,0.0,100.0,0,0,0
26.61,0.0,0.0,0,0,0
20.73,0.0,100.0,0,0,0
25.39,0.0,0.0,0,0,0
25.77,0.0,0.0,0,0,0
14.72,0.0,100.0,0,0,0
24.22,33.33,0.0,0,0,0
14.46,0.0,100.0,0,0,0
21.8,0.0,0.0,0,0,0
29.74,0.0,0.0,0,0,0
28.52,0.0,0.0,0,0,0
42.51,0.0,0.0,0,0,0
37.84,0.0,0.0,0,0,0
39.27,0.0,0.0,0,0,0
16.17,0.0,0.0,0,0,0
20.02,0.0,0.0,0,0,0
29.38,50.0,100.0,0,0,0
22.79,0.0,100.0,0,0,0
15.24,0.0,0.0,0,0,0
26.46,0.0,0.0,0,0,0
11.61,0.0,0.0,0,0,0
39.13,0.0,0.0,0,0,0
17.99,33.33,0.0,0,0,0
15.38,0.0,100.0,0,0,0
37.59,0.0,0.0,0,0,0
20.47,33.33,100.0,0,0,0
23.1,0.0,0.0,0,0,0
44.38,0.0,100.0,0,0,0
21.3,50.0,100.0,0,0,0
40.81,12.5,100.0,0,0,0
17.42,0.0,0.0,0,0,0
15.5,0.0,0.0,0,0,0
8.54,0.0,0.0,0,0,0
28.91,0.0,0.0,0,0,0
17.18,0.0,0.0,0,0,0
3.16,0.0,0.0,0,0,0
22.91,0.0,0.0,0,0,0
14.07,0.0,0.0,0,0,0
29.63,0.0,0.0,0,0,0
16.28,0.0,100.0,0,0,0
14.64,0.0,0.0,0,0,0
29.1,50.0,100.0,0,0,0
16.92,0.0,0.0,0,0,0
33.23,0.0,0.0,0,0,0
14.45,0.0,0.0,0,0,0
31.55,0.0,0.0,0,0,0
54.02,0.0,100.0,0,0,0
31.41,0.0,100.0,0,0,0
38.95,50.0,0.0,0,0,0
14.56,0.0,100.0,0,0,0
20.26,0.0,100.0,0,0,0
14.26,0.0,100.0,0,0,0
11.55,0.0,0.0,0,0,0
19.13,0.0,100.0,0,0,0
15.0,0.0,0.0,0,0,0
29.53,50.0,0.0,0,0,0
11.53,0.0,0.0,0,0,0
23.07,0.0,100.0,0,0,0
35.42,50.0,100.0,0,0,0
35.3,0.0,100.0,0,0,0
2.32,0.0,0.0,0,0,0
27.04,0.0,0.0,0,0,0
19.78,0.0,0.0,0,0,0
22.49,33.33,0.0,0,0,0
36.73,0.0,0.0,0,0,0
15.97,0.0,100.0,0,0,0
12.46,0.0,0.0,0,0,0
22.56,0.0,0.0,0,0,0
12.26,0.0,0.0,0,0,0
18.4,0.0,100.0,0,0,0
10.29,50.0,0.0,0,0,0
31.88,0.0,0.0,0,0,0
21.58,0.0,0.0,0,0,0
33.02,0.0,0.0,0,0,0
29.39,0.0,0.0,0,0,0
24.95,0.0,0.0,0,0,0
12.89,0.0,100.0,0,0,0
14.52,0.0,100.0,0,0,0
21.82,0.0,100.0,0,0,0
10.14,0.0,100.0,0,0,0
26.83,0.0,100.0,0,0,0
26.19,0.0,100.0,0,0,0
22.98,0.0,100.0,0,0,0
2.05,33.33,0.0,0,0,0
15.94,0.0,0.0,0,0,0
18.5,0.0,100.0,0,0,0
22.62,0.0,0.0,0,0,0
27.17,0.0,0.0,0,0,0
17.96,0.0,100.0,0,0,0
23.7,0.0,100.0,0,0,0
21.9,0.0,0.0,0,0,0
30.93,50.0,0.0,0,0,0
13.65,0.0,100.0,0,0,0
22.64,0.0,0.0,0,0,0
23.85,0.0,100.0,0,0,0
26.18,0.0,0.0,0,0,0
4.79,0.0,0.0,0,0,0
16.68,0.0,100.0,0,0,0
15.84,0.0,0.0,0,0,0
20.46,33.33,100.0,0,0,0
12.81,0.0,100.0,0,0,0
18.97,0.0,0.0,0,0,0
22.5,0.0,0.0,0,0,0
24.54,0.0,0.0,0,0,0
14.87,50.0,0.0,0,0,0
19.64,100.0,0.0,0,0,0
30.76,0.0,0.0,0,0,0
14.64,0.0,0.0,0,0,0
16.93,0.0,0.0,0,0,0
17.08,0.0,0.0,0,0,0
17.31,0.0,100.0,0,0,0
12.56,0.0,100.0,0,0,0
6.03,0.0,0.0,0,0,0
13.38,0.0,0.0,0,0,0
20.9,0.0,0.0,0,0,0
27.24,0.0,100.0,0,0,0
34.32,0.0,0.0,0,0,0
38.05,0.0,0.0,0,0,0
2.86,0.0,0.0,0,0,0
15.39,0.0,100.0,0,0,0
23.08,12.5,0.0,0,0,0
23.49,0.0,100.0,0,0,0
9.16,33.33,0.0,0,0,0
4.07,0.0,100.0,0,0,0
36.67,0.0,0.0,0,0,0
-1.76,0.0,100.0,0,0,0
16.59,0.0,0.0,0,0,0
3.48,0.0,100.0,0,0,0
28.62,0.0,100.0,0,0,0
12.92,0.0,0.0,0,0,0
31.35,0.0,100.0,0,0,0
30.59,0.0,0.0,0,0,0
27.21,0.0,0.0,0,0,0
0.92,0.0,0.0,0,0,0
16.51,0.0,0.0,0,0,0
24.85,0.0,0.0,0,0,0
25.05,0.0,0.0,0,0,0
26.07,0.0,100.0,0,0,0
21.23,0.0,100.0,0,0,0
14.29,33.33,0.0,0,0,0
24.49,0.0,0.0,0,0,0
26.3,33.33,100.0,0,0,0
20.07,0.0,0.0,0,0,0
28.64,50.0,0.0,0,0,0
16.74,0.0,0.0,0,0,0
22.28,0.0,100.0,0,0,0
29.53,33.33,0.0,0,0,0
16.97,0.0,0.0,0,0,0
11.24,0.0,100.0,0,0,0
10.73,0.0,0.0,0,0,0
11.37,33.33,100.0,0,0,0
17.09,0.0,0.0,0,0,0
30.64,0.0,0.0,0,0,0
16.94,12.5,100.0,0,0,0
28.56,0.0,0.0,0,0,0
7.02,0.0,0.0,0,0,0
18.02,0.0,0.0,0,0,0
26.95,0.0,0.0,0,0,0
5.37,0.0,0.0,0,0,0
32.23,0.0,100.0,0,0,0
16.14,0.0,0.0,0,0,0
11.91,0.0,100.0,0,0,0
14.78,0.0,0.0,0,0,0
15.68,0.0,0.0,0,0,0
19.29,0.0,100.0,0,0,0
11.05,0.0,0.0,0,0,0
23.86,0.0,0.0,0,0,0
21.08,0.0,100.0,0,0,0
19.2,0.0,0.0,0,0,0
22.56,0.0,0.0,0,0,0
5.02,0.0,0.0,0,0,0
6.51,50.0,0.0,0,0,0
21.77,0.0,100.0,0,0,0
17.64,0.0,0.0,0,0,0
23.54,0.0,100.0,0,0,0
24.13,0.0,100.0,0,0,0
23.13,0.0,0.0,0,0,0
22.0,0.0,100.0,0,0,0
5.27,0.0,0.0,0,0,0
0.9,0.0,100.0,0,0,0
12.91,0.0,0.0,0,0,0
0.74,0.0,0.0,0,0,0
10.59,0.0,0.0,0,0,0
18.41,0.0,0.0,0,0,0
31.81,0.0,0.0,0,0,0
10.71,0.0,0.0,0,0,0
11.61,0.0,100.0,0,0,0
12.75,50.0,0.0,0,0,0
17.89,0.0,0.0,0,0,0
5.86,0.0,0.0,0,0,0
8.25,0.0,0.0,0,0,0
22.96,0.0,0.0,0,0,0
9.0,0.0,100.0,0,0,0
11.0,33.33,100.0,0,0,0
23.33,0.0,0.0,0,0,0
12.3,0.0,100.0,0,0,0
15.18,0.0,0.0,0,0,0
8.84,0.0,0.0,0,0,0
14.41,50.0,0.0,0,0,0
-4.41,0.0,0.0,0,0,0
24.81,0.0,100.0,0,0,0
3.84,0.0,100.0,0,0,0
26.5,0.0,100.0,0,0,0
14.63,0.0,100.0,0,0,0
4.04,0.0,100.0,0,0,0
25.18,0.0,0.0,0,0,0
5.71,0.0,0.0,0,0,0
13.21,0.0,100.0,0,0,0
35.58,0.0,100.0,0,0,0
23.14,0.0,0.0,0,0,0
12.21,0.0,0.0,0,0,0
20.1,33.33,100.0,0,0,0
18.88,0.0,100.0,0,0,0
5.66,0.0,100.0,0,0,0
27.01,0.0,100.0,0,0,0
23.46,0.0,0.0,0,0,0
15.89,0.0,100.0,0,0,0
17.58,0.0,0.0,0,0,0
-0.29,0.0,0.0,0,0,0
22.6,0.0,0.0,0,0,0
16.95,33.33,100.0,0,0,0
24.55,0.0,100.0,0,0,0
30.22,50.0,100.0,0,0,0
25.52,0.0,0.0,0,0,0
6.35,0.0,0.0,0,0,0
14.36,0.0,100.0,0,0,0
18.52,0.0,0.0,0,0,0
10.18,0.0,0.0,0,0,0
24.03,0.0,0.0,0,0,0
18.49,0.0,100.0,0,0,0
20.99,0.0,100.0,0,0,0
6.55,0.0,0.0,0,0,0
11.48,0.0,0.0,0,0,0
28.49,0.0,0.0,0,0,0
9.93,0.0,0.0,0,0,0
11.78,0.0,0.0,0,0,0
21.47,50.0,100.0,0,0,0
23.37,0.0,100.0,0,0,0
19.04,0.0,100.0,0,0,0
20.86,0.0,0.0,0,0,0
3.53,0.0,0.0,0,0,0
8.52,0.0,0.0,0,0,0
14.9,0.0,100.0,0,0,0
27.38,0.0,100.0,0,0,0
25.34,0.0,0.0,0,0,0
37.0,0.0,100.0,0,0,0
20.68,0.0,100.0,0,0,0
5.59,0.0,0.0,0,0,0
4.91,0.0,0.0,0,0,0
19.01,0.0,0.0,0,0,0
19.1,0.0,0.0,0,0,0
21.0,0.0,0.0,0,0,0
14.21,0.0,0.0,0,0,0
8.49,0.0,0.0,0,0,0
2.24,0.0,0.0,0,0,0
5.88,0.0,0.0,0,0,0
20.73,0.0,0.0,0,0,0
13.9,0.0,0.0,0,0,0
21.15,0.0,0.0,0,0,0
21.43,0.0,0.0,0,0,0
9.72,0.0,0.0,0,0,0
23.28,0.0,0.0,0,0,0
24.93,0.0,0.0,0,0,0
14.24,0.0,100.0,0,0,0
32.26,0.0,0.0,0,0,0
17.46,0.0,100.0,0,0,0
20.67,0.0,0.0,0,0,0
6.67,0.0,100.0,0,0,0
14.85,0.0,100.0,0,0,0
25.74,0.0,0.0,0,0,0
